Zscore	Cell	Tissue	File	SNPs	Number	Accession
0.966	CD3	Blood	UW.CD3_Primary_Cells.ChromatinAccessibility.CB1_1-3-2011.DS17702.twopass.merge150.wgt10.zgt2.wig	rs998584,rs507506,rs1108842	1	GSM701525
2.610	CD3	Blood	UW.CD3_Primary_Cells.ChromatinAccessibility.CB6_1-4-2011.DS17706.twopass.merge150.wgt10.zgt2.wig	rs2925979,rs507506,rs2590838,rs1108842,rs6810075	2	GSM701526
0.188	CD3	Blood	UW.CD3_Primary_Cells.ChromatinAccessibility.RO_01679.DS17198.twopass.merge150.wgt10.zgt2.wig	rs507506,rs1108842	3	GSM665837
1.302	CD3	Blood	UW.CD3_Primary_Cells.ChromatinAccessibility.RO_01701.DS17534.twopass.merge150.wgt10.zgt2.wig	rs507506,rs1108842,rs2657888,rs182052,rs6810075	4	GSM701516
0.681	CD4_Mobilised;	Blood	UW.Mobilized_CD4_Primary_Cells.ChromatinAccessibility.RO_01679.DS16955.twopass.merge150.wgt10.zgt2.wig	rs11023332,rs2925979,rs507506,rs1108842	5	GSM701489
0.451	CD4_Mobilised;	Blood	UW.Mobilized_CD4_Primary_Cells.ChromatinAccessibility.RO_01701.DS17175.twopass.merge150.wgt10.zgt2.wig	rs2925979,rs507506,rs1108842	6	GSM701491
1.556	CD4	Blood	UW.CD4_Primary_Cells.ChromatinAccessibility.RO_01549.DS15947.twopass.merge150.wgt10.zgt2.wig	rs11023332,rs2925979,rs507506,rs1108842,rs6810075	7	GSM665812
1.511	CD4	Blood	UW.CD4_Primary_Cells.ChromatinAccessibility.RO_01679.DS17212.twopass.merge150.wgt10.zgt2.wig	rs11023332,rs2925979,rs507506,rs1108842	8	GSM665839
0.827	CD4	Blood	UW.CD4_Primary_Cells.ChromatinAccessibility.RO_01689.DS17329.twopass.merge150.wgt10.zgt2.wig	rs731839,rs507506,rs1108842,rs182052	9	GSM817166
2.191	CD4	Blood	UW.CD4_Primary_Cells.ChromatinAccessibility.RO_01701.DS17881.twopass.merge150.wgt10.zgt2.wig	rs998584,rs731839,rs2925979,rs507506,rs1108842	10	GSM701539
2.381	CD8_Mobilised;	Blood	UW.Mobilized_CD8_Primary_Cells.ChromatinAccessibility.RO_01679.DS16962.twopass.merge150.wgt10.zgt2.wig	rs2925979,rs507506,rs1108842,rs2657888,rs12051272,rs4783244	11	GSM817160
0.045	CD8	Blood	UW.CD8_Primary_Cells.ChromatinAccessibility.RO_01549.DS16012.twopass.merge150.wgt10.zgt2.wig	rs507506,rs1108842,rs6810075	12	GSM665813
1.803	CD8	Blood	UW.CD8_Primary_Cells.ChromatinAccessibility.RO_01679.DS17203.twopass.merge150.wgt10.zgt2.wig	rs11023332,rs2925979,rs507506,rs1108842	13	GSM665838
-0.263	CD8	Blood	UW.CD8_Primary_Cells.ChromatinAccessibility.RO_01689.DS17332.twopass.merge150.wgt10.zgt2.wig	rs507506,rs1108842	14	GSM701499
1.897	CD8	Blood	UW.CD8_Primary_Cells.ChromatinAccessibility.RO_01701.DS17885.twopass.merge150.wgt10.zgt2.wig	rs11023332,rs731839,rs507506,rs1108842	15	GSM701540
2.235	CD14	Blood	UW.CD14_Primary_Cells.ChromatinAccessibility.RO_01689.DS17391.twopass.merge150.wgt10.zgt2.wig	rs11023332,rs998584,rs2925979,rs507506,rs1108842	16	GSM701503
1.506	CD14	Blood	UW.CD14_Primary_Cells.ChromatinAccessibility.RO_01701.DS17889.twopass.merge150.wgt10.zgt2.wig	rs998584,rs2925979,rs507506,rs1108842	17	GSM701541
1.950	CD19	Blood	UW.CD19_Primary_Cells.ChromatinAccessibility.RO_01679.DS17186.twopass.merge150.wgt10.zgt2.wig	rs731839,rs2925979,rs507506,rs1108842,rs6773957	18	GSM701492
1.283	CD19	Blood	UW.CD19_Primary_Cells.ChromatinAccessibility.RO_01689.DS17281.twopass.merge150.wgt10.zgt2.wig	rs2925979,rs507506,rs1108842,rs17366568	19	GSM701493
2.598	CD19	Blood	UW.CD19_Primary_Cells.ChromatinAccessibility.RO_01701.DS17440.twopass.merge150.wgt10.zgt2.wig	rs998584,rs2925979,rs507506,rs1108842,rs11924390,rs6810075	20	GSM701507
0.484	CD20	Blood	UW.CD20_Primary_Cells.ChromatinAccessibility.RO_01778.DS17371.twopass.merge150.wgt10.zgt2.wig	rs507506,rs1108842,rs2980879,rs17366568	21	GSM701500
1.608	CD34_Mobilised;	Blood	UW.Mobilized_CD34_Primary_Cells.ChromatinAccessibility.RO_00738.DS13199.twopass.merge150.wgt10.zgt2.wig	rs998584,rs2925979,rs507506,rs1108842	22	GSM530664
2.246	CD34_Mobilised;	Blood	UW.Mobilized_CD34_Primary_Cells.ChromatinAccessibility.RO_01480.DS12771.twopass.merge150.wgt10.zgt2.wig	rs998584,rs4777845,rs2925979,rs507506,rs1108842	23	GSM530658
1.758	CD34_Mobilised;	Blood	UW.Mobilized_CD34_Primary_Cells.ChromatinAccessibility.RO_01492.DS12774.twopass.merge150.wgt10.zgt2.wig	rs998584,rs2925979,rs507506,rs1108842	24	GSM530659
2.902	CD34_Mobilised;	Blood	UW.Mobilized_CD34_Primary_Cells.ChromatinAccessibility.RO_01492.DS14206.twopass.merge150.wgt10.zgt2.wig	rs266717,rs2925979,rs507506,rs1108842,rs6488898,rs4301033	25	GSM595919
0.563	CD34_Mobilised;	Blood	UW.Mobilized_CD34_Primary_Cells.ChromatinAccessibility.RO_01508.DS11202.twopass.merge150.wgt10.zgt2.wig	rs507506,rs1108842,rs6488898	26	GSM493386
1.481	CD34_Mobilised;	Blood	UW.Mobilized_CD34_Primary_Cells.ChromatinAccessibility.RO_01517.DS14129.twopass.merge150.wgt10.zgt2.wig	rs2925979,rs507506,rs1108842,rs6488898	27	GSM595917
2.170	CD34_Mobilised;	Blood	UW.Mobilized_CD34_Primary_Cells.ChromatinAccessibility.RO_01520.DS12785.twopass.merge150.wgt10.zgt2.wig	rs998584,rs4777845,rs2925979,rs507506,rs1108842	28	GSM530660
1.450	CD34_Mobilised;	Blood	UW.Mobilized_CD34_Primary_Cells.ChromatinAccessibility.RO_01527.DS11666.twopass.merge150.wgt10.zgt2.wig	rs998584,rs2925979,rs507506,rs1108842	29	GSM493387
1.651	CD34_Mobilised;	Blood	UW.Mobilized_CD34_Primary_Cells.ChromatinAccessibility.RO_01535.DS12274.twopass.merge150.wgt10.zgt2.wig	rs998584,rs2925979,rs507506,rs1108842	30	GSM493384
2.917	CD34_Mobilised;	Blood	UW.Mobilized_CD34_Primary_Cells.ChromatinAccessibility.RO_01535.DS14197.twopass.merge150.wgt10.zgt2.wig	rs998584,rs4777845,rs2925979,rs507506,rs1108842,rs6488898	31	GSM595918
0.709	CD34_Mobilised;	Blood	UW.Mobilized_CD34_Primary_Cells.ChromatinAccessibility.RO_01536.DS12339.twopass.merge150.wgt10.zgt2.wig	rs2925979,rs507506,rs1108842	32	GSM530652
1.328	CD34_Mobilised;	Blood	UW.Mobilized_CD34_Primary_Cells.ChromatinAccessibility.RO_01549.DS12734.twopass.merge150.wgt10.zgt2.wig	rs998584,rs2925979,rs507506,rs1108842	33	GSM530657
0.768	CD34_Mobilised;	Blood	UW.Mobilized_CD34_Primary_Cells.ChromatinAccessibility.RO_01562.DS13196.twopass.merge150.wgt10.zgt2.wig	rs2925979,rs507506,rs1108842	34	GSM530663
2.640	CD34_Mobilised;	Blood	UW.Mobilized_CD34_Primary_Cells.ChromatinAccessibility.RO_01701.DS17112.twopass.merge150.wgt10.zgt2.wig	rs4777845,rs2925979,rs507506,rs1108842,rs6488898,rs17366568	35	GSM774208
1.261	CD56_Mobilised;	Blood	UW.Mobilized_CD56_Primary_Cells.ChromatinAccessibility.RO_01689.DS16376.twopass.merge150.wgt10.zgt2.wig	rs668459,rs11023332,rs266717,rs507506,rs1108842	36	GSM665820
3.450	CD56	Blood	UW.CD56_Primary_Cells.ChromatinAccessibility.RO_01679.DS17189.twopass.merge150.wgt10.zgt2.wig	rs11023332,rs998584,rs2925979,rs507506,rs1108842	37	GSM665836
1.079	CD56	Blood	UW.CD56_Primary_Cells.ChromatinAccessibility.RO_01701.DS17443.twopass.merge150.wgt10.zgt2.wig	rs731839,rs507506,rs1108842,rs6810075	38	GSM701508
1.707	Breast_vHMEC	Breast	UW.Breast_vHMEC.ChromatinAccessibility.RM035.DS18406.twopass.merge150.wgt10.zgt2.wig	rs2925979,rs507506,rs1108842,rs12051272,rs4783244	39	GSM753973
0.948	Breast_vHMEC	Breast	UW.Breast_vHMEC.ChromatinAccessibility.RM035.DS18438.twopass.merge150.wgt10.zgt2.wig	rs2925979,rs507506,rs1108842,rs12051272	40	GSM753974
-0.087	H1	ES Cell	UW.H1.ChromatinAccessibility.DS18873.twopass.merge150.wgt10.zgt2.wig	rs4777845,rs507506,rs1108842	41	GSM878616
1.981	H1	ES Cell	UW.H1.ChromatinAccessibility.DS19100.twopass.merge150.wgt10.zgt2.wig	rs4777845,rs2925979,rs507506,rs1108842	42	GSM878621
0.328	H9	ES Cell	UW.H9.ChromatinAccessibility.DS18517.twopass.merge150.wgt10.zgt2.wig	rs998584,rs4777845,rs507506,rs1108842	43	GSM878612
0.755	H9	ES Cell	UW.H9.ChromatinAccessibility.DS18522.twopass.merge150.wgt10.zgt2.wig	rs4777845,rs2925979,rs507506,rs1108842	44	GSM878613
3.211	Mesenchymal_Stem_Cells	ES Cell	UW.H1_Derived_Mesenchymal_Stem_Cells.ChromatinAccessibility.DS20671.twopass.merge150.wgt10.zgt2.wig	rs998584,rs2925979,rs507506,rs1108842,rs12051272,rs592423,rs4783244	45	GSM906380
1.829	Mesenchymal_Stem_Cells	ES Cell	UW.H1_Derived_Mesenchymal_Stem_Cells.ChromatinAccessibility.DS21042.twopass.merge150.wgt10.zgt2.wig	rs998584,rs2925979,rs507506,rs1108842,rs12051272,rs4783244	46	GSM906381
2.805	Mesendoderm_Cultured_Cells	ES Cell	UW.H1_BMP4_Derived_Mesendoderm_Cultured_Cells.ChromatinAccessibility.DS18732.twopass.merge150.wgt10.zgt2.wig	rs668459,rs4777845,rs507506,rs1108842,rs12051272,rs592423,rs6488898	47	GSM817198
2.574	Mesendoderm_Cultured_Cells	ES Cell	UW.H1_BMP4_Derived_Mesendoderm_Cultured_Cells.ChromatinAccessibility.DS19310.twopass.merge150.wgt10.zgt2.wig	rs668459,rs4777845,rs507506,rs1108842,rs12051272,rs592423,rs6488898	48	GSM817215
1.500	Neuronal_Progenitor_Cultured_Cells	ES Cell	UW.H1_Derived_Neuronal_Progenitor_Cultured_Cells.ChromatinAccessibility.DS18739.twopass.merge150.wgt10.zgt2.wig	rs4777845,rs507506,rs1108842,rs12051272	49	GSM878615
1.876	Neuronal_Progenitor_Cultured_Cells	ES Cell	UW.H1_Derived_Neuronal_Progenitor_Cultured_Cells.ChromatinAccessibility.DS20153.twopass.merge150.wgt10.zgt2.wig	rs11023332,rs4777845,rs2925979,rs507506,rs1108842,rs12051272	50	GSM906379
1.877	Trophoblast_Cultured_Cells	ES Cell	UW.H1_BMP4_Derived_Trophoblast_Cultured_Cells.ChromatinAccessibility.DS18736.twopass.merge150.wgt10.zgt2.wig	rs998584,rs4777845,rs507506,rs1108842,rs12051272	51	GSM878614
2.820	Trophoblast_Cultured_Cells	ES Cell	UW.H1_BMP4_Derived_Trophoblast_Cultured_Cells.ChromatinAccessibility.DS19317.twopass.merge150.wgt10.zgt2.wig	rs998584,rs731839,rs507506,rs1108842,rs12051272,rs4301033	52	GSM878628
2.029	Fetal_Adrenal_Gland	Fetal Adrenal	UW.Fetal_Adrenal_Gland.ChromatinAccessibility.H-22662.DS12528.twopass.merge150.wgt10.zgt2.wig	rs998584,rs507506,rs4805885,rs1108842,rs2980879,rs6488898,rs4301033	53	GSM530653
2.621	Fetal_Adrenal_Gland	Fetal Adrenal	UW.Fetal_Adrenal_Gland.ChromatinAccessibility.H-23769.DS17319.twopass.merge150.wgt10.zgt2.wig	rs998584,rs507506,rs1108842,rs925735,rs6488898,rs4301033	54	GSM817165
1.643	Fetal_Adrenal_Gland	Fetal Adrenal	UW.Fetal_Adrenal_Gland.ChromatinAccessibility.H-24409.DS20343.twopass.merge150.wgt10.zgt2.wig	rs998584,rs507506,rs1108842,rs2980879,rs6488898,rs4301033	55	GSM878658
0.623	Fetal_Brain	Fetal Brain	UW.Fetal_Brain.ChromatinAccessibility.H-22510.DS11872.twopass.merge150.wgt10.zgt2.wig	rs507506,rs1108842,rs4783244	56	GSM530651
-0.127	Fetal_Brain	Fetal Brain	UW.Fetal_Brain.ChromatinAccessibility.H-22510.DS11877.twopass.merge150.wgt10.zgt2.wig	rs507506,rs1108842	57	GSM595913
-0.223	Fetal_Brain	Fetal Brain	UW.Fetal_Brain.ChromatinAccessibility.H-22911.DS14464.twopass.merge150.wgt10.zgt2.wig	rs507506,rs1108842	58	GSM595920
-0.213	Fetal_Brain	Fetal Brain	UW.Fetal_Brain.ChromatinAccessibility.H-23266.DS14717.twopass.merge150.wgt10.zgt2.wig	rs507506,rs1108842,rs592423	59	GSM595922
0.772	Fetal_Brain	Fetal Brain	UW.Fetal_Brain.ChromatinAccessibility.H-23266.DS14718.twopass.merge150.wgt10.zgt2.wig	rs2925979,rs507506,rs1108842,rs12051272	60	GSM595923
-0.208	Fetal_Brain	Fetal Brain	UW.Fetal_Brain.ChromatinAccessibility.H-23284.DS14803.twopass.merge150.wgt10.zgt2.wig	rs507506,rs1108842	61	GSM595926
-0.316	Fetal_Brain	Fetal Brain	UW.Fetal_Brain.ChromatinAccessibility.H-23284.DS14815.twopass.merge150.wgt10.zgt2.wig	rs507506,rs1108842	62	GSM595928
0.361	Fetal_Brain	Fetal Brain	UW.Fetal_Brain.ChromatinAccessibility.H-23399.DS15453.twopass.merge150.wgt10.zgt2.wig	rs507506,rs6450176,rs1108842,rs12051272	63	GSM665804
-0.751	Fetal_Brain	Fetal Brain	UW.Fetal_Brain.ChromatinAccessibility.H-23548.DS16302.twopass.merge150.wgt10.zgt2.wig	rs507506,rs1108842	64	GSM665819
0.368	Fetal_Brain	Fetal Brain	UW.Fetal_Brain.ChromatinAccessibility.H-24279.DS20221.twopass.merge150.wgt10.zgt2.wig	rs2925979,rs507506,rs1108842,rs4783244	65	GSM878650
-0.372	Fetal_Brain	Fetal Brain	UW.Fetal_Brain.ChromatinAccessibility.H-24297.DS20226.twopass.merge150.wgt10.zgt2.wig	rs507506,rs1108842	66	GSM878651
0.172	Fetal_Brain	Fetal Brain	UW.Fetal_Brain.ChromatinAccessibility.H-24381.DS20231.twopass.merge150.wgt10.zgt2.wig	rs4777845,rs507506,rs1108842	67	GSM878652
0.666	Fetal_Heart	Fetal Heart	UW.Fetal_Heart.ChromatinAccessibility.H-22662.DS12531.twopass.merge150.wgt10.zgt2.wig	rs507506,rs1108842,rs592423,rs4783244	68	GSM530654
2.285	Fetal_Heart	Fetal Heart	UW.Fetal_Heart.ChromatinAccessibility.H-22727.DS12810.twopass.merge150.wgt10.zgt2.wig	rs668459,rs4777845,rs507506,rs1108842,rs12051272,rs592423,rs6488898,rs4783244	69	GSM530661
0.196	Fetal_Heart	Fetal Heart	UW.Fetal_Heart.ChromatinAccessibility.H-23468.DS15839.twopass.merge150.wgt10.zgt2.wig	rs507506,rs1108842,rs592423,rs6488898,rs4783244	70	GSM665811
1.584	Fetal_Heart	Fetal Heart	UW.Fetal_Heart.ChromatinAccessibility.H-23500.DS16018.twopass.merge150.wgt10.zgt2.wig	rs668459,rs507506,rs1108842,rs12051272,rs592423,rs6488898,rs4783244	71	GSM665814
1.067	Fetal_Heart	Fetal Heart	UW.Fetal_Heart.ChromatinAccessibility.H-23524.DS16146.twopass.merge150.wgt10.zgt2.wig	rs668459,rs507506,rs1108842,rs12051272,rs592423,rs4783244	72	GSM665817
0.677	Fetal_Heart	Fetal Heart	UW.Fetal_Heart.ChromatinAccessibility.H-23589.DS16500.twopass.merge150.wgt10.zgt2.wig	rs507506,rs1108842,rs12051272,rs592423,rs6488898,rs4783244	73	GSM665824
1.062	Fetal_Heart	Fetal Heart	UW.Fetal_Heart.ChromatinAccessibility.H-23604.DS16582.twopass.merge150.wgt10.zgt2.wig	rs507506,rs1108842,rs12051272,rs592423,rs6488898,rs4783244	74	GSM665830
1.344	Fetal_Heart	Fetal Heart	UW.Fetal_Heart.ChromatinAccessibility.H-23617.DS16621.twopass.merge150.wgt10.zgt2.wig	rs668459,rs507506,rs1108842,rs12051272,rs592423,rs6488898,rs4783244	75	GSM665831
1.957	Fetal_Heart	Fetal Heart	UW.Fetal_Heart.ChromatinAccessibility.H-23663.DS16819.twopass.merge150.wgt10.zgt2.wig	rs4777845,rs2925979,rs507506,rs4805885,rs1108842,rs12051272,rs592423,rs4783244	76	GSM774203
1.405	Fetal_Heart	Fetal Heart	UW.Fetal_Heart.ChromatinAccessibility.H-23744.DS19431.twopass.merge150.wgt10.zgt2.wig	rs2925979,rs507506,rs1108842,rs12051272,rs592423,rs4783244,rs4301033	77	GSM817220
1.001	Fetal_Heart	Fetal Heart	UW.Fetal_Heart.ChromatinAccessibility.H-24042.DS19427.twopass.merge150.wgt10.zgt2.wig	rs4777845,rs2925979,rs507506,rs1108842,rs12051272,rs592423	78	GSM878630
0.545	Fetal_Intestine_Large	Fetal Intestine, Large	UW.Fetal_Intestine_Large.ChromatinAccessibility.H-23500.DS16027.twopass.merge150.wgt10.zgt2.wig	rs2925979,rs507506,rs1108842,rs2657888	79	GSM665815
0.342	Fetal_Intestine_Large	Fetal Intestine, Large	UW.Fetal_Intestine_Large.ChromatinAccessibility.H-23524.DS16164.twopass.merge150.wgt10.zgt2.wig	rs507506,rs1108842,rs2980879,rs4301033	80	GSM665818
1.865	Fetal_Intestine_Large	Fetal Intestine, Large	UW.Fetal_Intestine_Large.ChromatinAccessibility.H-23604.DS16563.twopass.merge150.wgt10.zgt2.wig	rs2925979,rs507506,rs1108842,rs12051272,rs2980879,rs4783244,rs4301033	81	GSM665826
1.330	Fetal_Intestine_Large	Fetal Intestine, Large	UW.Fetal_Intestine_Large.ChromatinAccessibility.H-23744.DS17094.twopass.merge150.wgt10.zgt2.wig	rs998584,rs2925979,rs507506,rs1108842,rs2980879,rs4301033	82	GSM817162
1.353	Fetal_Intestine_Large	Fetal Intestine, Large	UW.Fetal_Intestine_Large.ChromatinAccessibility.H-23758.DS17157.twopass.merge150.wgt10.zgt2.wig	rs2925979,rs507506,rs1108842,rs2980879,rs4301033	83	GSM701490
1.138	Fetal_Intestine_Large	Fetal Intestine, Large	UW.Fetal_Intestine_Large.ChromatinAccessibility.H-23769.DS17313.twopass.merge150.wgt10.zgt2.wig	rs2925979,rs507506,rs1108842,rs2980879,rs6488898	84	GSM701495
0.617	Fetal_Intestine_Large	Fetal Intestine, Large	UW.Fetal_Intestine_Large.ChromatinAccessibility.H-23808.DS17422.twopass.merge150.wgt10.zgt2.wig	rs2925979,rs507506,rs1108842,rs4783244	85	GSM774213
1.880	Fetal_Intestine_Large	Fetal Intestine, Large	UW.Fetal_Intestine_Large.ChromatinAccessibility.H-23833.DS17462.twopass.merge150.wgt10.zgt2.wig	rs2925979,rs507506,rs4805885,rs1108842,rs12051272,rs2980879,rs4301033	86	GSM774214
1.583	Fetal_Intestine_Large	Fetal Intestine, Large	UW.Fetal_Intestine_Large.ChromatinAccessibility.H-23855.DS17502.twopass.merge150.wgt10.zgt2.wig	rs507506,rs1108842,rs10447248,rs6810075	87	GSM701514
1.085	Fetal_Intestine_Large	Fetal Intestine, Large	UW.Fetal_Intestine_Large.ChromatinAccessibility.H-23887.DS17647.twopass.merge150.wgt10.zgt2.wig	rs4777845,rs2925979,rs507506,rs1108842,rs925735,rs2980879	88	GSM774217
0.640	Fetal_Intestine_Large	Fetal Intestine, Large	UW.Fetal_Intestine_Large.ChromatinAccessibility.H-23914.DS17748.twopass.merge150.wgt10.zgt2.wig	rs2925979,rs507506,rs1108842,rs2980879	89	GSM774220
1.548	Fetal_Intestine_Large	Fetal Intestine, Large	UW.Fetal_Intestine_Large.ChromatinAccessibility.H-23941.DS17785.twopass.merge150.wgt10.zgt2.wig	rs4777845,rs2925979,rs507506,rs1108842,rs2980879	90	GSM701531
0.609	Fetal_Intestine_Large	Fetal Intestine, Large	UW.Fetal_Intestine_Large.ChromatinAccessibility.H-23964.DS17841.twopass.merge150.wgt10.zgt2.wig	rs4777845,rs2925979,rs507506,rs1108842,rs2980879,rs4783244	91	GSM774228
2.177	Fetal_Intestine_Large	Fetal Intestine, Large	UW.Fetal_Intestine_Large.ChromatinAccessibility.H-24005.DS17990.twopass.merge150.wgt10.zgt2.wig	rs731839,rs2925979,rs507506,rs4805885,rs6450176,rs1108842,rs2980879	92	GSM774233
0.372	Fetal_Intestine_Large	Fetal Intestine, Large	UW.Fetal_Intestine_Large.ChromatinAccessibility.H-24111.DS18499.twopass.merge150.wgt10.zgt2.wig	rs507506,rs1108842,rs12051272,rs6773957	93	GSM817188
0.503	Fetal_Intestine_Small	Fetal Intestine, Small	UW.Fetal_Intestine_Small.ChromatinAccessibility.H-23604.DS16559.twopass.merge150.wgt10.zgt2.wig	rs2925979,rs507506,rs1108842,rs2980879,rs4301033	94	GSM665825
0.393	Fetal_Intestine_Small	Fetal Intestine, Small	UW.Fetal_Intestine_Small.ChromatinAccessibility.H-23640.DS16712.twopass.merge150.wgt10.zgt2.wig	rs507506,rs1108842,rs10447248	95	GSM701487
0.932	Fetal_Intestine_Small	Fetal Intestine, Small	UW.Fetal_Intestine_Small.ChromatinAccessibility.H-23663.DS16822.twopass.merge150.wgt10.zgt2.wig	rs2925979,rs507506,rs1108842,rs2980879,rs4301033	96	GSM665835
0.496	Fetal_Intestine_Small	Fetal Intestine, Small	UW.Fetal_Intestine_Small.ChromatinAccessibility.H-23724.DS16975.twopass.merge150.wgt10.zgt2.wig	rs2925979,rs507506,rs1108842,rs4301033	97	GSM817161
-0.805	Fetal_Intestine_Small	Fetal Intestine, Small	UW.Fetal_Intestine_Small.ChromatinAccessibility.H-23744.DS17092.twopass.merge150.wgt10.zgt2.wig	rs507506,rs1108842	98	GSM774205
0.492	Fetal_Intestine_Small	Fetal Intestine, Small	UW.Fetal_Intestine_Small.ChromatinAccessibility.H-23758.DS17150.twopass.merge150.wgt10.zgt2.wig	rs507506,rs1108842,rs2980879,rs4783244	99	GSM774210
-0.026	Fetal_Intestine_Small	Fetal Intestine, Small	UW.Fetal_Intestine_Small.ChromatinAccessibility.H-23769.DS17317.twopass.merge150.wgt10.zgt2.wig	rs507506,rs1108842,rs2980879	100	GSM701496
0.414	Fetal_Intestine_Small	Fetal Intestine, Small	UW.Fetal_Intestine_Small.ChromatinAccessibility.H-23808.DS17425.twopass.merge150.wgt10.zgt2.wig	rs11023332,rs507506,rs1108842	101	GSM701504
0.850	Fetal_Intestine_Small	Fetal Intestine, Small	UW.Fetal_Intestine_Small.ChromatinAccessibility.H-23864.DS17844.twopass.merge150.wgt10.zgt2.wig	rs998584,rs2925979,rs507506,rs1108842,rs2980879	102	GSM774229
-0.158	Fetal_Intestine_Small	Fetal Intestine, Small	UW.Fetal_Intestine_Small.ChromatinAccessibility.H-23887.DS17643.twopass.merge150.wgt10.zgt2.wig	rs4777845,rs507506,rs1108842	103	GSM774216
0.728	Fetal_Intestine_Small	Fetal Intestine, Small	UW.Fetal_Intestine_Small.ChromatinAccessibility.H-23914.DS17763.twopass.merge150.wgt10.zgt2.wig	rs2925979,rs507506,rs1108842,rs2980879	104	GSM701530
1.728	Fetal_Intestine_Small	Fetal Intestine, Small	UW.Fetal_Intestine_Small.ChromatinAccessibility.H-23941.DS17808.twopass.merge150.wgt10.zgt2.wig	rs998584,rs266717,rs2925979,rs507506,rs1108842,rs2980879,rs4783244	105	GSM774225
1.022	Fetal_Intestine_Small	Fetal Intestine, Small	UW.Fetal_Intestine_Small.ChromatinAccessibility.H-24111.DS18495.twopass.merge150.wgt10.zgt2.wig	rs2925979,rs507506,rs1108842,rs2980879,rs11924390	106	GSM817187
0.463	Fetal_Kidney_Left	Fetal Kidney	UW.Fetal_Kidney_Left.ChromatinAccessibility.H-23589.DS16446.twopass.merge150.wgt10.zgt2.wig	rs2925979,rs507506,rs1108842,rs592423	107	GSM665822
-0.097	Fetal_Kidney_Left	Fetal Kidney	UW.Fetal_Kidney_Left.ChromatinAccessibility.H-23604.DS16579.twopass.merge150.wgt10.zgt2.wig	rs2925979,rs507506,rs1108842,rs12051272	108	GSM665829
1.130	Fetal_Kidney_Left	Fetal Kidney	UW.Fetal_Kidney_Left.ChromatinAccessibility.H-23640.DS16805.twopass.merge150.wgt10.zgt2.wig	rs4777845,rs2925979,rs507506,rs1108842,rs2980879	109	GSM665834
-0.151	Fetal_Kidney_Left	Fetal Kidney	UW.Fetal_Kidney_Left.ChromatinAccessibility.H-23758.DS17140.twopass.merge150.wgt10.zgt2.wig	rs507506,rs1108842,rs12051272	110	GSM774209
0.107	Fetal_Kidney_Left	Fetal Kidney	UW.Fetal_Kidney_Left.ChromatinAccessibility.H-24089.DS18466.twopass.merge150.wgt10.zgt2.wig	rs998584,rs507506,rs1108842,rs12051272	111	GSM817181
-0.609	Fetal_Kidney_Right	Fetal Kidney	UW.Fetal_Kidney_Right.ChromatinAccessibility.H-23435.DS15651.twopass.merge150.wgt10.zgt2.wig	rs507506,rs1108842,rs6773957	112	GSM665810
0.663	Fetal_Kidney_Right	Fetal Kidney	UW.Fetal_Kidney_Right.ChromatinAccessibility.H-23589.DS16441.twopass.merge150.wgt10.zgt2.wig	rs3001032,rs4777845,rs507506,rs1108842,rs4783244	113	GSM665821
-0.183	Fetal_Kidney_Right	Fetal Kidney	UW.Fetal_Kidney_Right.ChromatinAccessibility.H-23640.DS16801.twopass.merge150.wgt10.zgt2.wig	rs2925979,rs507506,rs1108842,rs12051272	114	GSM665833
1.485	Fetal_Kidney_Right	Fetal Kidney	UW.Fetal_Kidney_Right.ChromatinAccessibility.H-23758.DS17144.twopass.merge150.wgt10.zgt2.wig	rs4777845,rs2925979,rs507506,rs1108842,rs592423,rs2980879	115	GSM817163
0.651	Fetal_Kidney_Right	Fetal Kidney	UW.Fetal_Kidney_Right.ChromatinAccessibility.H-24089.DS18463.twopass.merge150.wgt10.zgt2.wig	rs2925979,rs507506,rs1108842,rs2980879,rs4301033	116	GSM817180
2.073	Fetal_Kidney	Fetal Kidney	UW.Fetal_Kidney.ChromatinAccessibility.H-22337.DS10986.twopass.merge150.wgt10.zgt2.wig	rs998584,rs4777845,rs2925979,rs507506,rs6450176,rs1108842,rs4783244	117	GSM493385
0.725	Fetal_Kidney	Fetal Kidney	UW.Fetal_Kidney.ChromatinAccessibility.H-22676.DS12635.twopass.merge150.wgt10.zgt2.wig	rs2925979,rs507506,rs1108842,rs2980879	118	GSM530655
0.231	Fetal_Kidney	Fetal Kidney	UW.Fetal_Kidney.ChromatinAccessibility.H-23524.DS16139.twopass.merge150.wgt10.zgt2.wig	rs1648707,rs507506,rs1108842,rs2980879	119	GSM665816
-0.213	Fetal_Kidney	Fetal Kidney	UW.Fetal_Kidney.ChromatinAccessibility.H-23663.DS16837.twopass.merge150.wgt10.zgt2.wig	rs2925979,rs507506,rs1108842	120	GSM817159
-0.054	Fetal_Kidney	Fetal Kidney	UW.Fetal_Kidney.ChromatinAccessibility.H-23855.DS17522.twopass.merge150.wgt10.zgt2.wig	rs4777845,rs507506,rs1108842,rs2980879	121	GSM701515
0.649	Fetal_Kidney	Fetal Kidney	UW.Fetal_Kidney.ChromatinAccessibility.H-23914.DS17753.twopass.merge150.wgt10.zgt2.wig	rs4777845,rs2925979,rs507506,rs1108842	122	GSM774221
0.938	Fetal_Kidney	Fetal Kidney	UW.Fetal_Kidney.ChromatinAccessibility.H-24507.DS20564.twopass.merge150.wgt10.zgt2.wig	rs2925979,rs507506,rs1108842,rs12051272	123	GSM878666
0.204	Fetal_Lung_Left	Fetal Lung	UW.Fetal_Lung_Left.ChromatinAccessibility.H-23435.DS15637.twopass.merge150.wgt10.zgt2.wig	rs998584,rs3001032,rs507506,rs1108842	124	GSM665808
1.287	Fetal_Lung_Left	Fetal Lung	UW.Fetal_Lung_Left.ChromatinAccessibility.H-23604.DS16570.twopass.merge150.wgt10.zgt2.wig	rs998584,rs3001032,rs4777845,rs2925979,rs507506,rs1108842	125	GSM665828
1.359	Fetal_Lung_Left	Fetal Lung	UW.Fetal_Lung_Left.ChromatinAccessibility.H-23640.DS18170.twopass.merge150.wgt10.zgt2.wig	rs998584,rs3001032,rs2925979,rs507506,rs1108842,rs4301033	126	GSM774237
-0.387	Fetal_Lung_Left	Fetal Lung	UW.Fetal_Lung_Left.ChromatinAccessibility.H-23744.DS17105.twopass.merge150.wgt10.zgt2.wig	rs998584,rs507506,rs1108842	127	GSM774207
1.522	Fetal_Lung_Left	Fetal Lung	UW.Fetal_Lung_Left.ChromatinAccessibility.H-23758.DS17154.twopass.merge150.wgt10.zgt2.wig	rs998584,rs3001032,rs2925979,rs507506,rs1108842,rs182052,rs4783244,rs4301033	128	GSM774211
0.491	Fetal_Lung_Left	Fetal Lung	UW.Fetal_Lung_Left.ChromatinAccessibility.H-23833.DS17464.twopass.merge150.wgt10.zgt2.wig	rs998584,rs3001032,rs4777845,rs507506,rs1108842	129	GSM701512
0.897	Fetal_Lung_Left	Fetal Lung	UW.Fetal_Lung_Left.ChromatinAccessibility.H-23887.DS17674.twopass.merge150.wgt10.zgt2.wig	rs998584,rs2925979,rs507506,rs1108842	130	GSM701524
0.948	Fetal_Lung_Left	Fetal Lung	UW.Fetal_Lung_Left.ChromatinAccessibility.H-23914.DS17739.twopass.merge150.wgt10.zgt2.wig	rs998584,rs507506,rs1108842,rs12051272	131	GSM701527
1.645	Fetal_Lung_Left	Fetal Lung	UW.Fetal_Lung_Left.ChromatinAccessibility.H-23964.DS17835.twopass.merge150.wgt10.zgt2.wig	rs998584,rs4777845,rs507506,rs1108842	132	GSM701534
0.775	Fetal_Lung_Left	Fetal Lung	UW.Fetal_Lung_Left.ChromatinAccessibility.H-24005.DS17959.twopass.merge150.wgt10.zgt2.wig	rs998584,rs3001032,rs731839,rs507506,rs1108842	133	GSM817168
0.513	Fetal_Lung_Left	Fetal Lung	UW.Fetal_Lung_Left.ChromatinAccessibility.H-24089.DS18421.twopass.merge150.wgt10.zgt2.wig	rs998584,rs3001032,rs507506,rs1108842,rs4301033	134	GSM817175
0.213	Fetal_Lung_Left	Fetal Lung	UW.Fetal_Lung_Left.ChromatinAccessibility.H-24111.DS18487.twopass.merge150.wgt10.zgt2.wig	rs998584,rs3001032,rs507506,rs1108842,rs4301033	135	GSM817185
1.402	Fetal_Lung_Right	Fetal Lung	UW.Fetal_Lung_Right.ChromatinAccessibility.H-23435.DS15632.twopass.merge150.wgt10.zgt2.wig	rs998584,rs3001032,rs2925979,rs507506,rs1108842,rs2980879	136	GSM665807
1.370	Fetal_Lung_Right	Fetal Lung	UW.Fetal_Lung_Right.ChromatinAccessibility.H-23604.DS16566.twopass.merge150.wgt10.zgt2.wig	rs998584,rs3001032,rs2925979,rs507506,rs1108842,rs4301033	137	GSM665827
0.693	Fetal_Lung_Right	Fetal Lung	UW.Fetal_Lung_Right.ChromatinAccessibility.H-23640.DS16790.twopass.merge150.wgt10.zgt2.wig	rs998584,rs3001032,rs731839,rs507506,rs1108842	138	GSM665832
1.929	Fetal_Lung_Right	Fetal Lung	UW.Fetal_Lung_Right.ChromatinAccessibility.H-23744.DS17101.twopass.merge150.wgt10.zgt2.wig	rs998584,rs3001032,rs2925979,rs507506,rs1108842,rs2980879,rs4301033	139	GSM774206
0.391	Fetal_Lung_Right	Fetal Lung	UW.Fetal_Lung_Right.ChromatinAccessibility.H-23758.DS17162.twopass.merge150.wgt10.zgt2.wig	rs998584,rs3001032,rs507506,rs1108842	140	GSM817164
0.433	Fetal_Lung_Right	Fetal Lung	UW.Fetal_Lung_Right.ChromatinAccessibility.H-23887.DS17670.twopass.merge150.wgt10.zgt2.wig	rs998584,rs4777845,rs507506,rs1108842	141	GSM701523
0.821	Fetal_Lung_Right	Fetal Lung	UW.Fetal_Lung_Right.ChromatinAccessibility.H-23964.DS17831.twopass.merge150.wgt10.zgt2.wig	rs998584,rs3001032,rs4777845,rs2925979,rs507506,rs1108842	142	GSM774227
1.092	Fetal_Lung_Right	Fetal Lung	UW.Fetal_Lung_Right.ChromatinAccessibility.H-24005.DS17954.twopass.merge150.wgt10.zgt2.wig	rs998584,rs3001032,rs507506,rs1108842,rs182052,rs4301033	143	GSM774231
0.897	Fetal_Lung_Right	Fetal Lung	UW.Fetal_Lung_Right.ChromatinAccessibility.H-24089.DS18418.twopass.merge150.wgt10.zgt2.wig	rs998584,rs4777845,rs2925979,rs507506,rs1108842,rs4301033	144	GSM817174
1.258	Fetal_Lung_Right	Fetal Lung	UW.Fetal_Lung_Right.ChromatinAccessibility.H-24111.DS18492.twopass.merge150.wgt10.zgt2.wig	rs998584,rs3001032,rs4777845,rs2925979,rs507506,rs1108842,rs2980879	145	GSM817186
0.452	Fetal_Lung	Fetal Lung	UW.Fetal_Lung.ChromatinAccessibility.H-22676.DS12646.twopass.merge150.wgt10.zgt2.wig	rs998584,rs507506,rs1108842	146	GSM530656
0.431	Fetal_Lung	Fetal Lung	UW.Fetal_Lung.ChromatinAccessibility.H-22727.DS12817.twopass.merge150.wgt10.zgt2.wig	rs998584,rs2925979,rs507506,rs1108842	147	GSM530662
0.548	Fetal_Lung	Fetal Lung	UW.Fetal_Lung.ChromatinAccessibility.H-22934B.DS13507.twopass.merge150.wgt10.zgt2.wig	rs998584,rs3001032,rs2925979,rs507506,rs1108842	148	GSM595915
0.736	Fetal_Lung	Fetal Lung	UW.Fetal_Lung.ChromatinAccessibility.H-23090.DS13985.twopass.merge150.wgt10.zgt2.wig	rs998584,rs3001032,rs2925979,rs507506,rs1108842	149	GSM595916
1.357	Fetal_Lung	Fetal Lung	UW.Fetal_Lung.ChromatinAccessibility.H-23247.DS14666.twopass.merge150.wgt10.zgt2.wig	rs998584,rs3001032,rs507506,rs1108842,rs182052	150	GSM595921
1.278	Fetal_Lung	Fetal Lung	UW.Fetal_Lung.ChromatinAccessibility.H-23266.DS14724.twopass.merge150.wgt10.zgt2.wig	rs998584,rs3001032,rs2925979,rs507506,rs1108842	151	GSM595924
0.917	Fetal_Lung	Fetal Lung	UW.Fetal_Lung.ChromatinAccessibility.H-23266.DS14751.twopass.merge150.wgt10.zgt2.wig	rs998584,rs3001032,rs507506,rs1108842,rs4301033	152	GSM595925
0.453	Fetal_Lung	Fetal Lung	UW.Fetal_Lung.ChromatinAccessibility.H-23284.DS14809.twopass.merge150.wgt10.zgt2.wig	rs998584,rs507506,rs1108842	153	GSM595927
0.699	Fetal_Lung	Fetal Lung	UW.Fetal_Lung.ChromatinAccessibility.H-23284.DS14820.twopass.merge150.wgt10.zgt2.wig	rs998584,rs3001032,rs507506,rs1108842	154	GSM595929
0.043	Fetal_Lung	Fetal Lung	UW.Fetal_Lung.ChromatinAccessibility.H-23365.DS15227.twopass.merge150.wgt10.zgt2.wig	rs998584,rs507506,rs1108842	155	GSM595930
1.329	Fetal_Lung	Fetal Lung	UW.Fetal_Lung.ChromatinAccessibility.H-23399.DS15461.twopass.merge150.wgt10.zgt2.wig	rs998584,rs3001032,rs2925979,rs507506,rs1108842,rs2980879	156	GSM665805
0.749	Fetal_Lung	Fetal Lung	UW.Fetal_Lung.ChromatinAccessibility.H-23419.DS15573.twopass.merge150.wgt10.zgt2.wig	rs3001032,rs507506,rs1108842,rs592423,rs2980879	157	GSM665806
1.860	Fetal_Muscle_Arm	Fetal Muscle	UW.Fetal_Muscle_Arm.ChromatinAccessibility.H-23808.DS17432.twopass.merge150.wgt10.zgt2.wig	rs998584,rs3001032,rs4777845,rs2925979,rs507506,rs6450176,rs1108842	158	GSM701506
2.497	Fetal_Muscle_Arm	Fetal Muscle	UW.Fetal_Muscle_Arm.ChromatinAccessibility.H-23914.DS17765.twopass.merge150.wgt10.zgt2.wig	rs998584,rs3001032,rs731839,rs4777845,rs2925979,rs507506,rs4805885,rs6450176,rs1108842,rs12051272,rs2980879	159	GSM774223
1.814	Fetal_Muscle_Arm	Fetal Muscle	UW.Fetal_Muscle_Arm.ChromatinAccessibility.H-23941.DS17825.twopass.merge150.wgt10.zgt2.wig	rs998584,rs4777845,rs2925979,rs507506,rs6450176,rs1108842,rs4783244	160	GSM774226
2.019	Fetal_Muscle_Arm	Fetal Muscle	UW.Fetal_Muscle_Arm.ChromatinAccessibility.H-23964.DS17848.twopass.merge150.wgt10.zgt2.wig	rs998584,rs4777845,rs2925979,rs507506,rs6450176,rs1108842,rs2980879	161	GSM701535
1.619	Fetal_Muscle_Arm	Fetal Muscle	UW.Fetal_Muscle_Arm.ChromatinAccessibility.H-24005.DS18080.twopass.merge150.wgt10.zgt2.wig	rs998584,rs4777845,rs2925979,rs507506,rs6450176,rs1108842,rs12051272,rs592423,rs4783244	162	GSM774234
1.736	Fetal_Muscle_Arm	Fetal Muscle	UW.Fetal_Muscle_Arm.ChromatinAccessibility.H-24042.DS18176.twopass.merge150.wgt10.zgt2.wig	rs998584,rs4777845,rs2925979,rs507506,rs6450176,rs1108842,rs2980879	163	GSM774239
1.992	Fetal_Muscle_Arm	Fetal Muscle	UW.Fetal_Muscle_Arm.ChromatinAccessibility.H-24078.DS18379.twopass.merge150.wgt10.zgt2.wig	rs3001032,rs2925979,rs507506,rs6450176,rs1108842,rs4783244	164	GSM878610
2.729	Fetal_Muscle_Arm	Fetal Muscle	UW.Fetal_Muscle_Arm.ChromatinAccessibility.H-24089.DS18452.twopass.merge150.wgt10.zgt2.wig	rs998584,rs4777845,rs1515110,rs2925979,rs507506,rs6450176,rs1108842,rs925735,rs4783244	165	GSM817178
2.477	Fetal_Muscle_Arm	Fetal Muscle	UW.Fetal_Muscle_Arm.ChromatinAccessibility.H-24111.DS18473.twopass.merge150.wgt10.zgt2.wig	rs998584,rs3001032,rs4777845,rs2925979,rs507506,rs6450176,rs2791553,rs1108842,rs4783244	166	GSM817184
2.084	Fetal_Muscle_Arm	Fetal Muscle	UW.Fetal_Muscle_Arm.ChromatinAccessibility.H-24125.DS18559.twopass.merge150.wgt10.zgt2.wig	rs998584,rs4777845,rs2925979,rs507506,rs6450176,rs1108842,rs12051272	167	GSM817191
1.604	Fetal_Muscle_Arm	Fetal Muscle	UW.Fetal_Muscle_Arm.ChromatinAccessibility.H-24143.DS18992.twopass.merge150.wgt10.zgt2.wig	rs998584,rs4777845,rs2925979,rs507506,rs6450176,rs1108842	168	GSM878618
1.697	Fetal_Muscle_Arm	Fetal Muscle	UW.Fetal_Muscle_Arm.ChromatinAccessibility.H-24198.DS19051.twopass.merge150.wgt10.zgt2.wig	rs998584,rs4777845,rs507506,rs6450176,rs1108842,rs4783244	169	GSM878619
3.443	Fetal_Muscle_Arm	Fetal Muscle	UW.Fetal_Muscle_Arm.ChromatinAccessibility.H-24218.DS19053.twopass.merge150.wgt10.zgt2.wig	rs668459,rs998584,rs3001032,rs4777845,rs2925979,rs507506,rs6450176,rs1108842,rs2980879,rs4783244	170	GSM878620
1.214	Fetal_Muscle_Arm	Fetal Muscle	UW.Fetal_Muscle_Arm.ChromatinAccessibility.H-24244.DS19270.twopass.merge150.wgt10.zgt2.wig	rs998584,rs4777845,rs2925979,rs507506,rs6450176,rs1108842	171	GSM878625
2.209	Fetal_Muscle_Arm	Fetal Muscle	UW.Fetal_Muscle_Arm.ChromatinAccessibility.H-24259.DS19295.twopass.merge150.wgt10.zgt2.wig	rs998584,rs4777845,rs2925979,rs507506,rs6450176,rs1108842,rs2980879,rs4783244	172	GSM817214
1.792	Fetal_Muscle_Arm	Fetal Muscle	UW.Fetal_Muscle_Arm.ChromatinAccessibility.H-24272.DS19380.twopass.merge150.wgt10.zgt2.wig	rs998584,rs4777845,rs2925979,rs507506,rs6450176,rs1108842,rs12051272	173	GSM817216
1.558	Fetal_Muscle_Arm	Fetal Muscle	UW.Fetal_Muscle_Arm.ChromatinAccessibility.H-24297.DS19646.twopass.merge150.wgt10.zgt2.wig	rs998584,rs4777845,rs2925979,rs507506,rs6450176,rs1108842	174	GSM878638
2.082	Fetal_Muscle_Back	Fetal Muscle	UW.Fetal_Muscle_Back.ChromatinAccessibility.H-23914.DS17767.twopass.merge150.wgt10.zgt2.wig	rs998584,rs3001032,rs4777845,rs2925979,rs507506,rs6450176,rs1108842,rs12051272,rs2980879,rs4783244	175	GSM774224
1.428	Fetal_Muscle_Back	Fetal Muscle	UW.Fetal_Muscle_Back.ChromatinAccessibility.H-23964.DS17850.twopass.merge150.wgt10.zgt2.wig	rs998584,rs4777845,rs2925979,rs507506,rs6450176,rs1108842	176	GSM701536
0.844	Fetal_Muscle_Back	Fetal Muscle	UW.Fetal_Muscle_Back.ChromatinAccessibility.H-24005.DS18083.twopass.merge150.wgt10.zgt2.wig	rs998584,rs4777845,rs2925979,rs507506,rs6450176,rs1108842,rs4783244	177	GSM774235
1.379	Fetal_Muscle_Back	Fetal Muscle	UW.Fetal_Muscle_Back.ChromatinAccessibility.H-24078.DS18377.twopass.merge150.wgt10.zgt2.wig	rs4777845,rs1515110,rs2925979,rs507506,rs6450176,rs1108842	178	GSM817171
2.962	Fetal_Muscle_Back	Fetal Muscle	UW.Fetal_Muscle_Back.ChromatinAccessibility.H-24089.DS18454.twopass.merge150.wgt10.zgt2.wig	rs998584,rs4777845,rs2925979,rs507506,rs6450176,rs1108842,rs12051272,rs592423,rs4783244	179	GSM878611
1.863	Fetal_Muscle_Back	Fetal Muscle	UW.Fetal_Muscle_Back.ChromatinAccessibility.H-24111.DS18468.twopass.merge150.wgt10.zgt2.wig	rs998584,rs3001032,rs4777845,rs2925979,rs507506,rs6450176,rs1108842,rs592423	180	GSM817182
2.076	Fetal_Muscle_Back	Fetal Muscle	UW.Fetal_Muscle_Back.ChromatinAccessibility.H-24143.DS18842.twopass.merge150.wgt10.zgt2.wig	rs998584,rs4777845,rs2925979,rs507506,rs6450176,rs1108842,rs12051272	181	GSM817200
3.734	Fetal_Muscle_Back	Fetal Muscle	UW.Fetal_Muscle_Back.ChromatinAccessibility.H-24218.DS19117.twopass.merge150.wgt10.zgt2.wig	rs668459,rs998584,rs4777845,rs1515110,rs2925979,rs507506,rs6450176,rs2791553,rs1108842,rs4783244	182	GSM817207
1.455	Fetal_Muscle_Back	Fetal Muscle	UW.Fetal_Muscle_Back.ChromatinAccessibility.H-24244.DS19283.twopass.merge150.wgt10.zgt2.wig	rs998584,rs2925979,rs507506,rs6450176,rs1108842,rs12051272	183	GSM817212
1.644	Fetal_Muscle_Back	Fetal Muscle	UW.Fetal_Muscle_Back.ChromatinAccessibility.H-24272.DS19384.twopass.merge150.wgt10.zgt2.wig	rs998584,rs4777845,rs2925979,rs507506,rs6450176,rs1108842,rs4783244	184	GSM817217
1.778	Fetal_Muscle_Back	Fetal Muscle	UW.Fetal_Muscle_Back.ChromatinAccessibility.H-24279.DS19441.twopass.merge150.wgt10.zgt2.wig	rs998584,rs4777845,rs2925979,rs507506,rs6450176,rs1108842,rs4783244	185	GSM878632
2.018	Fetal_Muscle_Back	Fetal Muscle	UW.Fetal_Muscle_Back.ChromatinAccessibility.H-24297.DS19648.twopass.merge150.wgt10.zgt2.wig	rs998584,rs4777845,rs2925979,rs507506,rs6450176,rs1108842,rs12051272,rs4783244	186	GSM878639
2.886	Fetal_Muscle_Back	Fetal Muscle	UW.Fetal_Muscle_Back.ChromatinAccessibility.H-24409.DS20244.twopass.merge150.wgt10.zgt2.wig	rs998584,rs4777845,rs2925979,rs507506,rs6450176,rs1108842,rs12051272,rs4783244	187	GSM878655
0.825	Fetal_Muscle_Leg	Fetal Muscle	UW.Fetal_Muscle_Leg.ChromatinAccessibility.H-23808.DS17429.twopass.merge150.wgt10.zgt2.wig	rs4777845,rs2925979,rs507506,rs6450176,rs1108842	188	GSM701505
2.908	Fetal_Muscle_Leg	Fetal Muscle	UW.Fetal_Muscle_Leg.ChromatinAccessibility.H-24078.DS18386.twopass.merge150.wgt10.zgt2.wig	rs998584,rs4777845,rs2925979,rs507506,rs6450176,rs1108842,rs12051272,rs2980879	189	GSM774242
1.506	Fetal_Muscle_Leg	Fetal Muscle	UW.Fetal_Muscle_Leg.ChromatinAccessibility.H-24089.DS18456.twopass.merge150.wgt10.zgt2.wig	rs3001032,rs4777845,rs2925979,rs507506,rs6450176,rs1108842,rs4783244	190	GSM817179
1.739	Fetal_Muscle_Leg	Fetal Muscle	UW.Fetal_Muscle_Leg.ChromatinAccessibility.H-24111.DS18471.twopass.merge150.wgt10.zgt2.wig	rs998584,rs4777845,rs2925979,rs507506,rs6450176,rs1108842,rs12051272,rs4783244	191	GSM817183
2.374	Fetal_Muscle_Leg	Fetal Muscle	UW.Fetal_Muscle_Leg.ChromatinAccessibility.H-24143.DS18844.twopass.merge150.wgt10.zgt2.wig	rs998584,rs2925979,rs507506,rs6450176,rs1108842,rs4783244	192	GSM817201
1.849	Fetal_Muscle_Leg	Fetal Muscle	UW.Fetal_Muscle_Leg.ChromatinAccessibility.H-24198.DS19158.twopass.merge150.wgt10.zgt2.wig	rs998584,rs4777845,rs2925979,rs507506,rs6450176,rs2791553,rs1108842,rs12051272	193	GSM878622
1.983	Fetal_Muscle_Leg	Fetal Muscle	UW.Fetal_Muscle_Leg.ChromatinAccessibility.H-24218.DS19115.twopass.merge150.wgt10.zgt2.wig	rs998584,rs4777845,rs2925979,rs507506,rs6450176,rs1108842,rs12051272	194	GSM817206
2.243	Fetal_Muscle_Leg	Fetal Muscle	UW.Fetal_Muscle_Leg.ChromatinAccessibility.H-24244.DS19272.twopass.merge150.wgt10.zgt2.wig	rs998584,rs4777845,rs2925979,rs507506,rs6450176,rs1108842,rs12051272,rs4783244,rs4301033	195	GSM878626
1.183	Fetal_Muscle_Leg	Fetal Muscle	UW.Fetal_Muscle_Leg.ChromatinAccessibility.H-24259.DS19291.twopass.merge150.wgt10.zgt2.wig	rs998584,rs4777845,rs2925979,rs507506,rs6450176,rs1108842	196	GSM817213
1.839	Fetal_Muscle_Leg	Fetal Muscle	UW.Fetal_Muscle_Leg.ChromatinAccessibility.H-24279.DS19436.twopass.merge150.wgt10.zgt2.wig	rs998584,rs4777845,rs2925979,rs507506,rs6450176,rs1108842,rs4783244	197	GSM878631
1.222	Fetal_Muscle_Leg	Fetal Muscle	UW.Fetal_Muscle_Leg.ChromatinAccessibility.H-24297.DS19643.twopass.merge150.wgt10.zgt2.wig	rs998584,rs4777845,rs2925979,rs507506,rs6450176,rs1108842	198	GSM878637
2.376	Fetal_Muscle_Leg	Fetal Muscle	UW.Fetal_Muscle_Leg.ChromatinAccessibility.H-24409.DS20239.twopass.merge150.wgt10.zgt2.wig	rs998584,rs731839,rs4777845,rs2925979,rs507506,rs6450176,rs1108842,rs2980879	199	GSM878653
1.428	Fetal_Muscle_Lower_Limb_Skeletal	Fetal Muscle	UW.Fetal_Muscle_Lower_Limb_Skeletal.ChromatinAccessibility.H-24042.DS18174.twopass.merge150.wgt10.zgt2.wig	rs998584,rs731839,rs4777845,rs2925979,rs507506,rs6450176,rs1108842,rs2980879	200	GSM774238
1.583	Fetal_Muscle_Trunk	Fetal Muscle	UW.Fetal_Muscle_Trunk.ChromatinAccessibility.H-23941.DS17827.twopass.merge150.wgt10.zgt2.wig	rs998584,rs4777845,rs2925979,rs507506,rs6450176,rs1108842	201	GSM701533
3.343	Fetal_Muscle_Trunk	Fetal Muscle	UW.Fetal_Muscle_Trunk.ChromatinAccessibility.H-24409.DS20242.twopass.merge150.wgt10.zgt2.wig	rs998584,rs3001032,rs731839,rs4777845,rs2925979,rs507506,rs6450176,rs1108842,rs12051272,rs4783244	202	GSM878654
1.293	Fetal_Muscle_Trunk	Fetal Muscle	UW.Fetal_Muscle_Trunk.ChromatinAccessibility.H-24507.DS20544.twopass.merge150.wgt10.zgt2.wig	rs998584,rs4777845,rs507506,rs6450176,rs1108842,rs12051272	203	GSM878664
1.746	Fetal_Muscle_Upper_Limb_Skeletal	Fetal Muscle	UW.Fetal_Muscle_Upper_Limb_Skeletal.ChromatinAccessibility.H-23887.DS17661.twopass.merge150.wgt10.zgt2.wig	rs998584,rs4777845,rs2925979,rs507506,rs6450176,rs1108842	204	GSM701522
1.447	Fetal_Muscle_Upper_Trunk	Fetal Muscle	UW.Fetal_Muscle_Upper_Trunk.ChromatinAccessibility.H-23887.DS17664.twopass.merge150.wgt10.zgt2.wig	rs998584,rs3001032,rs4777845,rs2925979,rs507506,rs6450176,rs1108842	205	GSM774218
2.359	Fetal_Placenta	Fetal Placenta	UW.Fetal_Placenta.ChromatinAccessibility.H-23887.DS17639.twopass.merge150.wgt10.zgt2.wig	rs998584,rs731839,rs4777845,rs2925979,rs507506,rs1108842,rs592423,rs2980879,rs4301033	206	GSM774215
1.625	Fetal_Placenta	Fetal Placenta	UW.Fetal_Placenta.ChromatinAccessibility.H-23914.DS17744.twopass.merge150.wgt10.zgt2.wig	rs998584,rs2925979,rs507506,rs1108842,rs592423,rs4301033	207	GSM774219
2.869	Fetal_Placenta	Fetal Placenta	UW.Fetal_Placenta.ChromatinAccessibility.H-24272.DS19391.twopass.merge150.wgt10.zgt2.wig	rs998584,rs822354,rs4777845,rs2925979,rs507506,rs1108842,rs592423,rs4301033	208	GSM817219
1.844	Fetal_Placenta	Fetal Placenta	UW.Fetal_Placenta.ChromatinAccessibility.H-24409.DS20346.twopass.merge150.wgt10.zgt2.wig	rs998584,rs4777845,rs2925979,rs507506,rs1108842,rs4301033	209	GSM878659
0.039	Fetal_Renal_Cortex_Left	Fetal Renal Cortex	UW.Fetal_Renal_Cortex_Left.ChromatinAccessibility.H-23871.DS17550.twopass.merge150.wgt10.zgt2.wig	rs2925979,rs507506,rs1108842,rs4783244	210	GSM701519
0.434	Fetal_Renal_Cortex_Left	Fetal Renal Cortex	UW.Fetal_Renal_Cortex_Left.ChromatinAccessibility.H-24111.DS18542.twopass.merge150.wgt10.zgt2.wig	rs4777845,rs2925979,rs507506,rs1108842,rs12051272	211	GSM817190
1.174	Fetal_Renal_Cortex_Left	Fetal Renal Cortex	UW.Fetal_Renal_Cortex_Left.ChromatinAccessibility.H-24169.DS18931.twopass.merge150.wgt10.zgt2.wig	rs4777845,rs2925979,rs507506,rs1108842,rs4301033	212	GSM817203
0.359	Fetal_Renal_Cortex_Left	Fetal Renal Cortex	UW.Fetal_Renal_Cortex_Left.ChromatinAccessibility.H-24232.DS19257.twopass.merge150.wgt10.zgt2.wig	rs998584,rs4777845,rs2925979,rs507506,rs1108842	213	GSM817211
-0.623	Fetal_Renal_Cortex_Right	Fetal Renal Cortex	UW.Fetal_Renal_Cortex_Right.ChromatinAccessibility.H-23871.DS17545.twopass.merge150.wgt10.zgt2.wig	rs4777845,rs507506,rs1108842	214	GSM701517
0.166	Fetal_Renal_Cortex_Right	Fetal Renal Cortex	UW.Fetal_Renal_Cortex_Right.ChromatinAccessibility.H-24169.DS18928.twopass.merge150.wgt10.zgt2.wig	rs998584,rs4777845,rs507506,rs1108842	215	GSM817202
1.301	Fetal_Renal_Cortex_Right	Fetal Renal Cortex	UW.Fetal_Renal_Cortex_Right.ChromatinAccessibility.H-24232.DS19254.twopass.merge150.wgt10.zgt2.wig	rs2925979,rs507506,rs1108842,rs12051272,rs2980879,rs4783244	216	GSM817210
-0.054	Fetal_Renal_Cortex	Fetal Renal Cortex	UW.Fetal_Renal_Cortex.ChromatinAccessibility.H-23769.DS17307.twopass.merge150.wgt10.zgt2.wig	rs4777845,rs2925979,rs507506,rs1108842	217	GSM701494
0.897	Fetal_Renal_Cortex	Fetal Renal Cortex	UW.Fetal_Renal_Cortex.ChromatinAccessibility.H-23790.DS17387.twopass.merge150.wgt10.zgt2.wig	rs4777845,rs2925979,rs507506,rs1108842,rs12051272	218	GSM701502
0.133	Fetal_Renal_Cortex	Fetal Renal Cortex	UW.Fetal_Renal_Cortex.ChromatinAccessibility.H-23833.DS17455.twopass.merge150.wgt10.zgt2.wig	rs4777845,rs2925979,rs507506,rs1108842	219	GSM701511
0.914	Fetal_Renal_Cortex	Fetal Renal Cortex	UW.Fetal_Renal_Cortex.ChromatinAccessibility.H-23914.DS17756.twopass.merge150.wgt10.zgt2.wig	rs4777845,rs507506,rs1108842,rs12051272	220	GSM701529
1.581	Fetal_Renal_Cortex	Fetal Renal Cortex	UW.Fetal_Renal_Cortex.ChromatinAccessibility.H-23941.DS17804.twopass.merge150.wgt10.zgt2.wig	rs4777845,rs2925979,rs507506,rs1108842,rs12051272,rs2980879	221	GSM701532
2.274	Fetal_Renal_Cortex	Fetal Renal Cortex	UW.Fetal_Renal_Cortex.ChromatinAccessibility.H-24078.DS18428.twopass.merge150.wgt10.zgt2.wig	rs3001032,rs4777845,rs2925979,rs507506,rs1108842,rs2980879,rs4783244,rs4301033	222	GSM817176
-0.627	Fetal_Renal_Cortex	Fetal Renal Cortex	UW.Fetal_Renal_Cortex.ChromatinAccessibility.H-24259.DS19388.twopass.merge150.wgt10.zgt2.wig	rs507506,rs1108842	223	GSM878629
0.168	Fetal_Renal_Cortex	Fetal Renal Cortex	UW.Fetal_Renal_Cortex.ChromatinAccessibility.H-24493.DS20568.twopass.merge150.wgt10.zgt2.wig	rs4777845,rs2925979,rs507506,rs1108842	224	GSM878667
1.567	Fetal_Renal_Pelvis_Left	Fetal Renal Pelvis	UW.Fetal_Renal_Pelvis_Left.ChromatinAccessibility.H-23871.DS17553.twopass.merge150.wgt10.zgt2.wig	rs998584,rs4777845,rs507506,rs1108842,rs12051272,rs2980879,rs4301033	225	GSM701520
-0.585	Fetal_Renal_Pelvis_Left	Fetal Renal Pelvis	UW.Fetal_Renal_Pelvis_Left.ChromatinAccessibility.H-24111.DS18666.twopass.merge150.wgt10.zgt2.wig	rs507506,rs1108842	226	GSM817193
-0.141	Fetal_Renal_Pelvis_Left	Fetal Renal Pelvis	UW.Fetal_Renal_Pelvis_Left.ChromatinAccessibility.H-24169.DS18964.twopass.merge150.wgt10.zgt2.wig	rs4777845,rs507506,rs1108842	227	GSM817205
-0.317	Fetal_Renal_Pelvis_Left	Fetal Renal Pelvis	UW.Fetal_Renal_Pelvis_Left.ChromatinAccessibility.H-24232.DS19238.twopass.merge150.wgt10.zgt2.wig	rs2925979,rs507506,rs1108842	228	GSM817209
0.496	Fetal_Renal_Pelvis_Right	Fetal Renal Pelvis	UW.Fetal_Renal_Pelvis_Right.ChromatinAccessibility.H-23871.DS17548.twopass.merge150.wgt10.zgt2.wig	rs998584,rs3001032,rs2925979,rs507506,rs1108842	229	GSM701518
1.113	Fetal_Renal_Pelvis_Right	Fetal Renal Pelvis	UW.Fetal_Renal_Pelvis_Right.ChromatinAccessibility.H-24111.DS18663.twopass.merge150.wgt10.zgt2.wig	rs998584,rs4777845,rs2925979,rs507506,rs1108842,rs4301033	230	GSM817192
0.393	Fetal_Renal_Pelvis_Right	Fetal Renal Pelvis	UW.Fetal_Renal_Pelvis_Right.ChromatinAccessibility.H-24169.DS18961.twopass.merge150.wgt10.zgt2.wig	rs4777845,rs507506,rs1108842,rs12051272	231	GSM817204
0.595	Fetal_Renal_Pelvis_Right	Fetal Renal Pelvis	UW.Fetal_Renal_Pelvis_Right.ChromatinAccessibility.H-24232.DS19235.twopass.merge150.wgt10.zgt2.wig	rs4777845,rs2925979,rs507506,rs1108842	232	GSM817208
-0.332	Fetal_Renal_Pelvis	Fetal Renal Pelvis	UW.Fetal_Renal_Pelvis.ChromatinAccessibility.H-23790.DS17381.twopass.merge150.wgt10.zgt2.wig	rs507506,rs1108842,rs12051272	233	GSM701501
-0.464	Fetal_Renal_Pelvis	Fetal Renal Pelvis	UW.Fetal_Renal_Pelvis.ChromatinAccessibility.H-23833.DS17451.twopass.merge150.wgt10.zgt2.wig	rs507506,rs1108842,rs2980879	234	GSM701510
0.602	Fetal_Renal_Pelvis	Fetal Renal Pelvis	UW.Fetal_Renal_Pelvis.ChromatinAccessibility.H-23914.DS17760.twopass.merge150.wgt10.zgt2.wig	rs507506,rs4805885,rs1108842,rs12051272,rs2980879	235	GSM774222
0.499	Fetal_Renal_Pelvis	Fetal Renal Pelvis	UW.Fetal_Renal_Pelvis.ChromatinAccessibility.H-24005.DS18088.twopass.merge150.wgt10.zgt2.wig	rs2925979,rs507506,rs1108842	236	GSM774236
1.471	Fetal_Renal_Pelvis	Fetal Renal Pelvis	UW.Fetal_Renal_Pelvis.ChromatinAccessibility.H-24078.DS18431.twopass.merge150.wgt10.zgt2.wig	rs4777845,rs507506,rs1108842,rs10447248,rs12051272,rs4301033	237	GSM817177
0.805	Fetal_Renal_Pelvis	Fetal Renal Pelvis	UW.Fetal_Renal_Pelvis.ChromatinAccessibility.H-24259.DS19386.twopass.merge150.wgt10.zgt2.wig	rs731839,rs4777845,rs2925979,rs507506,rs1108842	238	GSM817218
1.004	Fetal_Renal_Pelvis	Fetal Renal Pelvis	UW.Fetal_Renal_Pelvis.ChromatinAccessibility.H-24477.DS20448.twopass.merge150.wgt10.zgt2.wig	rs998584,rs4777845,rs2925979,rs507506,rs1108842,rs12051272	239	GSM878662
-0.351	Fetal_Skin	Fetal Skin	UW.Fetal_Skin.ChromatinAccessibility.H-22337.DS10987.twopass.merge150.wgt10.zgt2.wig	rs507506,rs1108842	240	GSM817158
0.501	Fetal_Spinal_Cord	Fetal Spinal Cord	UW.Fetal_Spinal_Cord.ChromatinAccessibility.H-24111.DS18501.twopass.merge150.wgt10.zgt2.wig	rs4777845,rs2925979,rs507506,rs1108842,rs12051272,rs4783244	241	GSM817189
0.757	Fetal_Spinal_Cord	Fetal Spinal Cord	UW.Fetal_Spinal_Cord.ChromatinAccessibility.H-24409.DS20351.twopass.merge150.wgt10.zgt2.wig	rs2925979,rs507506,rs1108842,rs12051272,rs4783244	242	GSM878661
1.555	Fetal_Spinal_Cord	Fetal Spinal Cord	UW.Fetal_Spinal_Cord.ChromatinAccessibility.H-24493.DS20530.twopass.merge150.wgt10.zgt2.wig	rs998584,rs2925979,rs507506,rs1108842,rs12051272,rs4783244	243	GSM878663
1.247	Fetal_Spleen	Fetal Spleen	UW.Fetal_Spleen.ChromatinAccessibility.H-23399.DS17448.twopass.merge150.wgt10.zgt2.wig	rs4777845,rs2925979,rs507506,rs1108842,rs10885531	244	GSM701509
-0.262	Fetal_Stomach	Fetal Stomach	UW.Fetal_Stomach.ChromatinAccessibility.H-23589.DS16530.twopass.merge150.wgt10.zgt2.wig	rs998584,rs507506,rs1108842	245	GSM774202
1.650	Fetal_Stomach	Fetal Stomach	UW.Fetal_Stomach.ChromatinAccessibility.H-23758.DS17172.twopass.merge150.wgt10.zgt2.wig	rs998584,rs507506,rs6450176,rs1108842,rs12051272,rs4783244	246	GSM774212
-0.193	Fetal_Stomach	Fetal Stomach	UW.Fetal_Stomach.ChromatinAccessibility.H-23769.DS17325.twopass.merge150.wgt10.zgt2.wig	rs507506,rs1108842	247	GSM701498
1.553	Fetal_Stomach	Fetal Stomach	UW.Fetal_Stomach.ChromatinAccessibility.H-23887.DS17659.twopass.merge150.wgt10.zgt2.wig	rs4777845,rs2925979,rs507506,rs1108842,rs4301033	248	GSM701521
-0.313	Fetal_Stomach	Fetal Stomach	UW.Fetal_Stomach.ChromatinAccessibility.H-23914.DS17750.twopass.merge150.wgt10.zgt2.wig	rs507506,rs1108842	249	GSM701528
0.291	Fetal_Stomach	Fetal Stomach	UW.Fetal_Stomach.ChromatinAccessibility.H-23964.DS17878.twopass.merge150.wgt10.zgt2.wig	rs998584,rs507506,rs1108842,rs2980879	250	GSM701538
0.167	Fetal_Stomach	Fetal Stomach	UW.Fetal_Stomach.ChromatinAccessibility.H-24005.DS17963.twopass.merge150.wgt10.zgt2.wig	rs507506,rs1108842,rs12051272,rs4783244	251	GSM774232
0.865	Fetal_Stomach	Fetal Stomach	UW.Fetal_Stomach.ChromatinAccessibility.H-24078.DS18389.twopass.merge150.wgt10.zgt2.wig	rs2925979,rs507506,rs1108842,rs12051272,rs925735	252	GSM817173
0.946	Fetal_Stomach	Fetal Stomach	UW.Fetal_Stomach.ChromatinAccessibility.H-24125.DS18821.twopass.merge150.wgt10.zgt2.wig	rs998584,rs2925979,rs507506,rs1108842,rs4301033	253	GSM817199
0.150	Fetal_Stomach	Fetal Stomach	UW.Fetal_Stomach.ChromatinAccessibility.H-24401.DS20349.twopass.merge150.wgt10.zgt2.wig	rs998584,rs507506,rs1108842,rs12051272	254	GSM878660
0.364	Fetal_Stomach	Fetal Stomach	UW.Fetal_Stomach.ChromatinAccessibility.H-24507.DS20546.twopass.merge150.wgt10.zgt2.wig	rs998584,rs2925979,rs507506,rs1108842	255	GSM878665
0.598	Fetal_Testes	Fetal Testes	UW.Fetal_Testes.ChromatinAccessibility.H24198_H23640_H24042.DS18942.twopass.merge150.wgt10.zgt2.wig	rs998584,rs4777845,rs507506,rs1108842	256	GSM878617
0.693	Fetal_Thymus	Fetal Thymus	UW.Fetal_Thymus.ChromatinAccessibility.H-23589.DS16490.twopass.merge150.wgt10.zgt2.wig	rs11023332,rs4777845,rs507506,rs1108842	257	GSM665823
0.807	Fetal_Thymus	Fetal Thymus	UW.Fetal_Thymus.ChromatinAccessibility.H-23663.DS16841.twopass.merge150.wgt10.zgt2.wig	rs4777845,rs2925979,rs507506,rs1108842	258	GSM774204
2.374	Fetal_Thymus	Fetal Thymus	UW.Fetal_Thymus.ChromatinAccessibility.H-23769.DS17323.twopass.merge150.wgt10.zgt2.wig	rs11023332,rs4777845,rs2925979,rs507506,rs1108842,rs592423	259	GSM701497
1.159	Fetal_Thymus	Fetal Thymus	UW.Fetal_Thymus.ChromatinAccessibility.H-23833.DS17474.twopass.merge150.wgt10.zgt2.wig	rs11023332,rs4777845,rs2925979,rs507506,rs1108842	260	GSM701513
1.656	Fetal_Thymus	Fetal Thymus	UW.Fetal_Thymus.ChromatinAccessibility.H-23964.DS17875.twopass.merge150.wgt10.zgt2.wig	rs822354,rs4777845,rs507506,rs1108842,rs2980879	261	GSM701537
1.231	Fetal_Thymus	Fetal Thymus	UW.Fetal_Thymus.ChromatinAccessibility.H-23964.DS17876.twopass.merge150.wgt10.zgt2.wig	rs11023332,rs4777845,rs2925979,rs507506,rs1108842,rs925735	262	GSM774230
-0.183	Fetal_Thymus	Fetal Thymus	UW.Fetal_Thymus.ChromatinAccessibility.H-24078.DS18382.twopass.merge150.wgt10.zgt2.wig	rs11023332,rs4777845,rs507506,rs1108842	263	GSM817172
2.318	Fetal_Thymus	Fetal Thymus	UW.Fetal_Thymus.ChromatinAccessibility.H-24259.DS19287.twopass.merge150.wgt10.zgt2.wig	rs998584,rs4777845,rs2925979,rs507506,rs1108842,rs12051272	264	GSM878627
2.523	Fetal_Thymus	Fetal Thymus	UW.Fetal_Thymus.ChromatinAccessibility.H-24401.DS20335.twopass.merge150.wgt10.zgt2.wig	rs4777845,rs2925979,rs507506,rs13358260,rs1108842,rs6810075	265	GSM878656
1.035	Fetal_Thymus	Fetal Thymus	UW.Fetal_Thymus.ChromatinAccessibility.H-24409.DS20341.twopass.merge150.wgt10.zgt2.wig	rs998584,rs4777845,rs507506,rs1108842	266	GSM878657
1.067	Fibroblasts_Fetal_Skin_Abdomen	Fibroblast	UW.Fibroblasts_Fetal_Skin_Abdomen.ChromatinAccessibility.H-24259.DS19558.twopass.merge150.wgt10.zgt2.wig	rs998584,rs507506,rs1108842,rs12051272	267	GSM878635
1.067	Fibroblasts_Fetal_Skin_Abdomen	Fibroblast	UW.Fibroblasts_Fetal_Skin_Abdomen.ChromatinAccessibility.H-24259.DS19561.twopass.merge150.wgt10.zgt2.wig	rs998584,rs507506,rs1108842,rs12051272	268	GSM878636
2.209	Fibroblasts_Fetal_Skin_Back	Fibroblast	UW.Fibroblasts_Fetal_Skin_Back.ChromatinAccessibility.H-24218.DS19233.twopass.merge150.wgt10.zgt2.wig	rs998584,rs2925979,rs507506,rs1108842,rs12051272	269	GSM878624
1.183	Fibroblasts_Fetal_Skin_Biceps_Left	Fibroblast	UW.Fibroblasts_Fetal_Skin_Biceps_Left.ChromatinAccessibility.H-24259.DS19857.twopass.merge150.wgt10.zgt2.wig	rs998584,rs507506,rs1108842,rs12051272	270	GSM878644
1.904	Fibroblasts_Fetal_Skin_Biceps_Left	Fibroblast	UW.Fibroblasts_Fetal_Skin_Biceps_Left.ChromatinAccessibility.H-24259.DS19867.twopass.merge150.wgt10.zgt2.wig	rs998584,rs4777845,rs507506,rs1108842,rs12051272	271	GSM878645
1.929	Fibroblasts_Fetal_Skin_Biceps_Right	Fibroblast	UW.Fibroblasts_Fetal_Skin_Biceps_Right.ChromatinAccessibility.H-24259.DS19745.twopass.merge150.wgt10.zgt2.wig	rs998584,rs507506,rs1108842,rs12051272	272	GSM878642
1.284	Fibroblasts_Fetal_Skin_Biceps_Right	Fibroblast	UW.Fibroblasts_Fetal_Skin_Biceps_Right.ChromatinAccessibility.H-24259.DS19761.twopass.merge150.wgt10.zgt2.wig	rs998584,rs507506,rs1108842,rs12051272	273	GSM878643
0.940	Fibroblasts_Fetal_Skin_Quadriceps_Left	Fibroblast	UW.Fibroblasts_Fetal_Skin_Quadriceps_Left.ChromatinAccessibility.H-24259.DS20046.twopass.merge150.wgt10.zgt2.wig	rs998584,rs507506,rs1108842,rs12051272	274	GSM878648
1.679	Fibroblasts_Fetal_Skin_Quadriceps_Left	Fibroblast	UW.Fibroblasts_Fetal_Skin_Quadriceps_Left.ChromatinAccessibility.H-24259.DS20056.twopass.merge150.wgt10.zgt2.wig	rs998584,rs4777845,rs507506,rs1108842,rs12051272	275	GSM878649
1.344	Fibroblasts_Fetal_Skin_Quadriceps_Right	Fibroblast	UW.Fibroblasts_Fetal_Skin_Quadriceps_Right.ChromatinAccessibility.H-24259.DS19943.twopass.merge150.wgt10.zgt2.wig	rs998584,rs507506,rs1108842,rs12051272	276	GSM878646
1.708	Fibroblasts_Fetal_Skin_Quadriceps_Right	Fibroblast	UW.Fibroblasts_Fetal_Skin_Quadriceps_Right.ChromatinAccessibility.H-24259.DS19948.twopass.merge150.wgt10.zgt2.wig	rs998584,rs2925979,rs507506,rs1108842,rs12051272	277	GSM878647
2.416	Fibroblasts_Fetal_Skin_Scalp	Fibroblast	UW.Fibroblasts_Fetal_Skin_Scalp.ChromatinAccessibility.H-24259.DS19444.twopass.merge150.wgt10.zgt2.wig	rs998584,rs2925979,rs507506,rs1108842,rs12051272	278	GSM878633
2.439	Fibroblasts_Fetal_Skin_Scalp	Fibroblast	UW.Fibroblasts_Fetal_Skin_Scalp.ChromatinAccessibility.H-24259.DS19449.twopass.merge150.wgt10.zgt2.wig	rs998584,rs2925979,rs507506,rs1108842,rs12051272	279	GSM878634
2.144	Fibroblasts_Fetal_Skin_Upper_Back	Fibroblast	UW.Fibroblasts_Fetal_Skin_Upper_Back.ChromatinAccessibility.H-24259.DS19696.twopass.merge150.wgt10.zgt2.wig	rs998584,rs4777845,rs507506,rs1108842,rs12051272	280	GSM878640
1.730	Fibroblasts_Fetal_Skin_Upper_Back	Fibroblast	UW.Fibroblasts_Fetal_Skin_Upper_Back.ChromatinAccessibility.H-24259.DS19706.twopass.merge150.wgt10.zgt2.wig	rs998584,rs507506,rs1108842,rs12051272,rs4301033	281	GSM878641
1.119	Penis_Foreskin_Fibroblast	Fibroblast	UW.Penis_Foreskin_Fibroblast_Primary_Cells.ChromatinAccessibility.skin01.DS18224.twopass.merge150.wgt10.zgt2.wig	rs998584,rs2925979,rs507506,rs1108842,rs12051272,rs4783244	282	GSM774240
0.314	Penis_Foreskin_Fibroblast	Fibroblast	UW.Penis_Foreskin_Fibroblast_Primary_Cells.ChromatinAccessibility.skin01.DS18229.twopass.merge150.wgt10.zgt2.wig	rs998584,rs507506,rs1108842,rs12051272	283	GSM774241
1.280	Penis_Foreskin_Fibroblast	Fibroblast	UW.Penis_Foreskin_Fibroblast_Primary_Cells.ChromatinAccessibility.skin02.DS18252.twopass.merge150.wgt10.zgt2.wig	rs998584,rs2925979,rs507506,rs1108842,rs12051272	284	GSM817169
2.724	Penis_Foreskin_Fibroblast	Fibroblast	UW.Penis_Foreskin_Fibroblast_Primary_Cells.ChromatinAccessibility.skin02.DS18256.twopass.merge150.wgt10.zgt2.wig	rs998584,rs2925979,rs507506,rs1108842,rs12051272,rs4783244,rs4301033	285	GSM817170
1.111	iPS_DF_4.7	IPS cell	UW.iPS_DF_4.7.ChromatinAccessibility.DS15169.twopass.merge150.wgt10.zgt2.wig	rs4777845,rs507506,rs1108842,rs12051272	286	GSM665803
0.802	iPS_DF_6.9	IPS cell	UW.iPS_DF_6.9.ChromatinAccessibility.DS15164.twopass.merge150.wgt10.zgt2.wig	rs4777845,rs507506,rs1108842,rs12051272	287	GSM665802
1.356	iPS_DF_19.7	IPS cell	UW.iPS_DF_19.7.ChromatinAccessibility.DS15148.twopass.merge150.wgt10.zgt2.wig	rs4777845,rs507506,rs1108842,rs12051272	288	GSM665800
0.932	iPS_DF_19.11	IPS cell	UW.iPS_DF_19.11.ChromatinAccessibility.DS15153.twopass.merge150.wgt10.zgt2.wig	rs4777845,rs507506,rs1108842,rs12051272	289	GSM665801
2.145	IMR90	Lung	UW.IMR90.ChromatinAccessibility.DS11759.twopass.merge150.wgt10.zgt2.wig	rs998584,rs2925979,rs507506,rs1108842,rs12051272	290	GSM468792
1.639	IMR90	Lung	UW.IMR90.ChromatinAccessibility.DS11764.twopass.merge150.wgt10.zgt2.wig	rs998584,rs507506,rs1108842,rs12051272	291	GSM468801
1.607	IMR90	Lung	UW.IMR90.ChromatinAccessibility.DS13219.twopass.merge150.wgt10.zgt2.wig	rs998584,rs2925979,rs507506,rs1108842,rs12051272	292	GSM530665
2.149	IMR90	Lung	UW.IMR90.ChromatinAccessibility.DS13229.twopass.merge150.wgt10.zgt2.wig	rs998584,rs2925979,rs507506,rs1108842,rs12051272	293	GSM530666
1.842	Penis_Foreskin_Keratinocyte	Skin	UW.Penis_Foreskin_Keratinocyte_Primary_Cells.ChromatinAccessibility.skin01.DS18692.twopass.merge150.wgt10.zgt2.wig	rs2925979,rs507506,rs1108842,rs12051272,rs4783244,rs4301033	294	GSM817194
0.758	Penis_Foreskin_Keratinocyte	Skin	UW.Penis_Foreskin_Keratinocyte_Primary_Cells.ChromatinAccessibility.skin01.DS18695.twopass.merge150.wgt10.zgt2.wig	rs2925979,rs507506,rs1108842,rs12051272	295	GSM817195
1.463	Penis_Foreskin_Keratinocyte	Skin	UW.Penis_Foreskin_Keratinocyte_Primary_Cells.ChromatinAccessibility.skin02.DS18714.twopass.merge150.wgt10.zgt2.wig	rs2925979,rs507506,rs1108842,rs12051272,rs4783244	296	GSM817196
0.722	Penis_Foreskin_Keratinocyte	Skin	UW.Penis_Foreskin_Keratinocyte_Primary_Cells.ChromatinAccessibility.skin02.DS18718.twopass.merge150.wgt10.zgt2.wig	rs2925979,rs507506,rs1108842,rs12051272	297	GSM817197
-0.384	Penis_Foreskin_Melanocyte	Skin	UW.Penis_Foreskin_Melanocyte_Primary_Cells.ChromatinAccessibility.skin01.DS18590.twopass.merge150.wgt10.zgt2.wig	rs507506,rs1108842	298	GSM774243
1.472	Penis_Foreskin_Melanocyte	Skin	UW.Penis_Foreskin_Melanocyte_Primary_Cells.ChromatinAccessibility.skin01.DS18601.twopass.merge150.wgt10.zgt2.wig	rs668459,rs2925979,rs507506,rs1108842,rs2657888,rs12051272	299	GSM774244
