Zscore	Pvalue	Cell	Tissue	File	SNPs	Number	Accession
-0.492	0	CD3	Blood	UW.CD3_Primary_Cells.ChromatinAccessibility.CB1_1-3-2011.DS17702.twopass.merge150.wgt10.zgt2.wig		1	GSM701525
1.966	0.764049739663936	CD3	Blood	UW.CD3_Primary_Cells.ChromatinAccessibility.CB6_1-4-2011.DS17706.twopass.merge150.wgt10.zgt2.wig	rs4930103	2	GSM701526
-0.483	0	CD3	Blood	UW.CD3_Primary_Cells.ChromatinAccessibility.RO_01679.DS17198.twopass.merge150.wgt10.zgt2.wig		3	GSM665837
-0.630	0	CD3	Blood	UW.CD3_Primary_Cells.ChromatinAccessibility.RO_01701.DS17534.twopass.merge150.wgt10.zgt2.wig		4	GSM701516
1.178	0.519965315283689	CD4_Mobilised;	Blood	UW.Mobilized_CD4_Primary_Cells.ChromatinAccessibility.RO_01679.DS16955.twopass.merge150.wgt10.zgt2.wig	rs4930103	5	GSM701489
-0.552	4.82163733276643e-17	CD4_Mobilised;	Blood	UW.Mobilized_CD4_Primary_Cells.ChromatinAccessibility.RO_01701.DS17175.twopass.merge150.wgt10.zgt2.wig		6	GSM701491
-0.561	0	CD4	Blood	UW.CD4_Primary_Cells.ChromatinAccessibility.RO_01549.DS15947.twopass.merge150.wgt10.zgt2.wig		7	GSM665812
-0.518	4.34295000022386e-11	CD4	Blood	UW.CD4_Primary_Cells.ChromatinAccessibility.RO_01679.DS17212.twopass.merge150.wgt10.zgt2.wig		8	GSM665839
-0.558	0	CD4	Blood	UW.CD4_Primary_Cells.ChromatinAccessibility.RO_01689.DS17329.twopass.merge150.wgt10.zgt2.wig		9	GSM817166
-0.470	4.34294517858653e-11	CD4	Blood	UW.CD4_Primary_Cells.ChromatinAccessibility.RO_01701.DS17881.twopass.merge150.wgt10.zgt2.wig		10	GSM701539
-0.560	0	CD8_Mobilised;	Blood	UW.Mobilized_CD8_Primary_Cells.ChromatinAccessibility.RO_01679.DS16962.twopass.merge150.wgt10.zgt2.wig		11	GSM817160
-0.605	4.34294517858653e-11	CD8	Blood	UW.CD8_Primary_Cells.ChromatinAccessibility.RO_01549.DS16012.twopass.merge150.wgt10.zgt2.wig		12	GSM665813
-0.447	0	CD8	Blood	UW.CD8_Primary_Cells.ChromatinAccessibility.RO_01679.DS17203.twopass.merge150.wgt10.zgt2.wig		13	GSM665838
-0.569	0	CD8	Blood	UW.CD8_Primary_Cells.ChromatinAccessibility.RO_01689.DS17332.twopass.merge150.wgt10.zgt2.wig		14	GSM701499
-0.427	0	CD8	Blood	UW.CD8_Primary_Cells.ChromatinAccessibility.RO_01701.DS17885.twopass.merge150.wgt10.zgt2.wig		15	GSM701540
-0.453	4.34294517858653e-11	CD14	Blood	UW.CD14_Primary_Cells.ChromatinAccessibility.RO_01689.DS17391.twopass.merge150.wgt10.zgt2.wig		16	GSM701503
-0.451	4.34294517858653e-11	CD14	Blood	UW.CD14_Primary_Cells.ChromatinAccessibility.RO_01701.DS17889.twopass.merge150.wgt10.zgt2.wig		17	GSM701541
-0.524	0	CD19	Blood	UW.CD19_Primary_Cells.ChromatinAccessibility.RO_01679.DS17186.twopass.merge150.wgt10.zgt2.wig		18	GSM701492
-0.500	0	CD19	Blood	UW.CD19_Primary_Cells.ChromatinAccessibility.RO_01689.DS17281.twopass.merge150.wgt10.zgt2.wig		19	GSM701493
1.354	0.588520817093399	CD19	Blood	UW.CD19_Primary_Cells.ChromatinAccessibility.RO_01701.DS17440.twopass.merge150.wgt10.zgt2.wig	rs4930103	20	GSM701507
-0.589	4.82163733276643e-17	CD20	Blood	UW.CD20_Primary_Cells.ChromatinAccessibility.RO_01778.DS17371.twopass.merge150.wgt10.zgt2.wig		21	GSM701500
-0.444	0	CD34_Mobilised;	Blood	UW.Mobilized_CD34_Primary_Cells.ChromatinAccessibility.RO_00738.DS13199.twopass.merge150.wgt10.zgt2.wig		22	GSM530664
-0.440	0	CD34_Mobilised;	Blood	UW.Mobilized_CD34_Primary_Cells.ChromatinAccessibility.RO_01480.DS12771.twopass.merge150.wgt10.zgt2.wig		23	GSM530658
-0.426	4.82163733276643e-17	CD34_Mobilised;	Blood	UW.Mobilized_CD34_Primary_Cells.ChromatinAccessibility.RO_01492.DS12774.twopass.merge150.wgt10.zgt2.wig		24	GSM530659
-0.477	0	CD34_Mobilised;	Blood	UW.Mobilized_CD34_Primary_Cells.ChromatinAccessibility.RO_01492.DS14206.twopass.merge150.wgt10.zgt2.wig		25	GSM595919
-0.453	4.3429403569492e-11	CD34_Mobilised;	Blood	UW.Mobilized_CD34_Primary_Cells.ChromatinAccessibility.RO_01508.DS11202.twopass.merge150.wgt10.zgt2.wig		26	GSM493386
-0.472	4.34294517858653e-11	CD34_Mobilised;	Blood	UW.Mobilized_CD34_Primary_Cells.ChromatinAccessibility.RO_01517.DS14129.twopass.merge150.wgt10.zgt2.wig		27	GSM595917
-0.470	4.34294517858653e-11	CD34_Mobilised;	Blood	UW.Mobilized_CD34_Primary_Cells.ChromatinAccessibility.RO_01520.DS12785.twopass.merge150.wgt10.zgt2.wig		28	GSM530660
-0.439	0	CD34_Mobilised;	Blood	UW.Mobilized_CD34_Primary_Cells.ChromatinAccessibility.RO_01527.DS11666.twopass.merge150.wgt10.zgt2.wig		29	GSM493387
-0.413	0	CD34_Mobilised;	Blood	UW.Mobilized_CD34_Primary_Cells.ChromatinAccessibility.RO_01535.DS12274.twopass.merge150.wgt10.zgt2.wig		30	GSM493384
-0.469	0	CD34_Mobilised;	Blood	UW.Mobilized_CD34_Primary_Cells.ChromatinAccessibility.RO_01535.DS14197.twopass.merge150.wgt10.zgt2.wig		31	GSM595918
-0.442	4.3429548218612e-11	CD34_Mobilised;	Blood	UW.Mobilized_CD34_Primary_Cells.ChromatinAccessibility.RO_01536.DS12339.twopass.merge150.wgt10.zgt2.wig		32	GSM530652
-0.478	4.34294517858653e-11	CD34_Mobilised;	Blood	UW.Mobilized_CD34_Primary_Cells.ChromatinAccessibility.RO_01549.DS12734.twopass.merge150.wgt10.zgt2.wig		33	GSM530657
1.776	0.71565883300434	CD34_Mobilised;	Blood	UW.Mobilized_CD34_Primary_Cells.ChromatinAccessibility.RO_01562.DS13196.twopass.merge150.wgt10.zgt2.wig	rs4930103	34	GSM530663
-0.523	0	CD34_Mobilised;	Blood	UW.Mobilized_CD34_Primary_Cells.ChromatinAccessibility.RO_01701.DS17112.twopass.merge150.wgt10.zgt2.wig		35	GSM774208
-0.653	0	CD56_Mobilised;	Blood	UW.Mobilized_CD56_Primary_Cells.ChromatinAccessibility.RO_01689.DS16376.twopass.merge150.wgt10.zgt2.wig		36	GSM665820
-0.401	4.3429403569492e-11	CD56	Blood	UW.CD56_Primary_Cells.ChromatinAccessibility.RO_01679.DS17189.twopass.merge150.wgt10.zgt2.wig		37	GSM665836
-0.560	0	CD56	Blood	UW.CD56_Primary_Cells.ChromatinAccessibility.RO_01701.DS17443.twopass.merge150.wgt10.zgt2.wig		38	GSM701508
-0.524	4.34295000022386e-11	Breast_vHMEC	Breast	UW.Breast_vHMEC.ChromatinAccessibility.RM035.DS18406.twopass.merge150.wgt10.zgt2.wig		39	GSM753973
-0.541	0	Breast_vHMEC	Breast	UW.Breast_vHMEC.ChromatinAccessibility.RM035.DS18438.twopass.merge150.wgt10.zgt2.wig		40	GSM753974
-0.613	4.3429403569492e-11	H1	ES Cell	UW.H1.ChromatinAccessibility.DS18873.twopass.merge150.wgt10.zgt2.wig		41	GSM878616
-0.405	0	H1	ES Cell	UW.H1.ChromatinAccessibility.DS19100.twopass.merge150.wgt10.zgt2.wig		42	GSM878621
1.573	0.661426265899088	Mesenchymal_Stem_Cells	ES Cell	UW.H1_Derived_Mesenchymal_Stem_Cells.ChromatinAccessibility.DS20671.twopass.merge150.wgt10.zgt2.wig	rs10934011	43	GSM906380
1.349	0.575636074593392	Mesenchymal_Stem_Cells	ES Cell	UW.H1_Derived_Mesenchymal_Stem_Cells.ChromatinAccessibility.DS21042.twopass.merge150.wgt10.zgt2.wig	rs10934011	44	GSM906381
-0.545	0	Mesendoderm_Cultured_Cells	ES Cell	UW.H1_BMP4_Derived_Mesendoderm_Cultured_Cells.ChromatinAccessibility.DS18732.twopass.merge150.wgt10.zgt2.wig		45	GSM817198
-0.542	0	Mesendoderm_Cultured_Cells	ES Cell	UW.H1_BMP4_Derived_Mesendoderm_Cultured_Cells.ChromatinAccessibility.DS19310.twopass.merge150.wgt10.zgt2.wig		46	GSM817215
-0.494	0	Neuronal_Progenitor_Cultured_Cells	ES Cell	UW.H1_Derived_Neuronal_Progenitor_Cultured_Cells.ChromatinAccessibility.DS18739.twopass.merge150.wgt10.zgt2.wig		47	GSM878615
-0.583	9.64327466553287e-17	Neuronal_Progenitor_Cultured_Cells	ES Cell	UW.H1_Derived_Neuronal_Progenitor_Cultured_Cells.ChromatinAccessibility.DS20153.twopass.merge150.wgt10.zgt2.wig		48	GSM906379
-0.519	0	Trophoblast_Cultured_Cells	ES Cell	UW.H1_BMP4_Derived_Trophoblast_Cultured_Cells.ChromatinAccessibility.DS18736.twopass.merge150.wgt10.zgt2.wig		49	GSM878614
-0.493	0	Trophoblast_Cultured_Cells	ES Cell	UW.H1_BMP4_Derived_Trophoblast_Cultured_Cells.ChromatinAccessibility.DS19317.twopass.merge150.wgt10.zgt2.wig		50	GSM878628
-0.663	0	H9	ES cell	UW.H9.ChromatinAccessibility.DS18517.twopass.merge150.wgt10.zgt2.wig		51	GSM878612
-0.533	0	H9	ES cell	UW.H9.ChromatinAccessibility.DS18522.twopass.merge150.wgt10.zgt2.wig		52	GSM878613
-0.585	0	Fetal_Adrenal_Gland	Fetal Adrenal	UW.Fetal_Adrenal_Gland.ChromatinAccessibility.H-22662.DS12528.twopass.merge150.wgt10.zgt2.wig		53	GSM530653
-0.507	4.34294517858653e-11	Fetal_Adrenal_Gland	Fetal Adrenal	UW.Fetal_Adrenal_Gland.ChromatinAccessibility.H-23769.DS17319.twopass.merge150.wgt10.zgt2.wig		54	GSM817165
1.221	0.540881698006216	Fetal_Adrenal_Gland	Fetal Adrenal	UW.Fetal_Adrenal_Gland.ChromatinAccessibility.H-24409.DS20343.twopass.merge150.wgt10.zgt2.wig	rs10934011	55	GSM878658
-0.492	0	Fetal_Brain	Fetal Brain	UW.Fetal_Brain.ChromatinAccessibility.H-22510.DS11872.twopass.merge150.wgt10.zgt2.wig		56	GSM530651
-0.507	0	Fetal_Brain	Fetal Brain	UW.Fetal_Brain.ChromatinAccessibility.H-22510.DS11877.twopass.merge150.wgt10.zgt2.wig		57	GSM595913
-0.543	0	Fetal_Brain	Fetal Brain	UW.Fetal_Brain.ChromatinAccessibility.H-22911.DS14464.twopass.merge150.wgt10.zgt2.wig		58	GSM595920
0.962	0.464439696486626	Fetal_Brain	Fetal Brain	UW.Fetal_Brain.ChromatinAccessibility.H-23266.DS14717.twopass.merge150.wgt10.zgt2.wig	rs10934011	59	GSM595922
1.187	0.527515478114054	Fetal_Brain	Fetal Brain	UW.Fetal_Brain.ChromatinAccessibility.H-23266.DS14718.twopass.merge150.wgt10.zgt2.wig	rs4930103	60	GSM595923
-0.528	0	Fetal_Brain	Fetal Brain	UW.Fetal_Brain.ChromatinAccessibility.H-23284.DS14803.twopass.merge150.wgt10.zgt2.wig		61	GSM595926
-0.520	0	Fetal_Brain	Fetal Brain	UW.Fetal_Brain.ChromatinAccessibility.H-23284.DS14815.twopass.merge150.wgt10.zgt2.wig		62	GSM595928
0.931	0.447121692142648	Fetal_Brain	Fetal Brain	UW.Fetal_Brain.ChromatinAccessibility.H-23399.DS15453.twopass.merge150.wgt10.zgt2.wig	rs10934011	63	GSM665804
1.006	0.463553149086252	Fetal_Brain	Fetal Brain	UW.Fetal_Brain.ChromatinAccessibility.H-23548.DS16302.twopass.merge150.wgt10.zgt2.wig	rs10934011	64	GSM665819
1.152	0.52642406823919	Fetal_Brain	Fetal Brain	UW.Fetal_Brain.ChromatinAccessibility.H-24279.DS20221.twopass.merge150.wgt10.zgt2.wig	rs10934011	65	GSM878650
-0.557	4.82163733276643e-17	Fetal_Brain	Fetal Brain	UW.Fetal_Brain.ChromatinAccessibility.H-24297.DS20226.twopass.merge150.wgt10.zgt2.wig		66	GSM878651
-0.523	0	Fetal_Brain	Fetal Brain	UW.Fetal_Brain.ChromatinAccessibility.H-24381.DS20231.twopass.merge150.wgt10.zgt2.wig		67	GSM878652
-0.522	4.3429403569492e-11	Fetal_Heart	Fetal Heart	UW.Fetal_Heart.ChromatinAccessibility.H-22662.DS12531.twopass.merge150.wgt10.zgt2.wig		68	GSM530654
-0.627	4.34295000022386e-11	Fetal_Heart	Fetal Heart	UW.Fetal_Heart.ChromatinAccessibility.H-22727.DS12810.twopass.merge150.wgt10.zgt2.wig		69	GSM530661
-0.650	4.34295000022386e-11	Fetal_Heart	Fetal Heart	UW.Fetal_Heart.ChromatinAccessibility.H-23468.DS15839.twopass.merge150.wgt10.zgt2.wig		70	GSM665811
-0.657	0	Fetal_Heart	Fetal Heart	UW.Fetal_Heart.ChromatinAccessibility.H-23500.DS16018.twopass.merge150.wgt10.zgt2.wig		71	GSM665814
1.084	0.502349042630766	Fetal_Heart	Fetal Heart	UW.Fetal_Heart.ChromatinAccessibility.H-23524.DS16146.twopass.merge150.wgt10.zgt2.wig	rs10934011	72	GSM665817
0.825	0.407085163326571	Fetal_Heart	Fetal Heart	UW.Fetal_Heart.ChromatinAccessibility.H-23589.DS16500.twopass.merge150.wgt10.zgt2.wig	rs10934011	73	GSM665824
-0.649	0	Fetal_Heart	Fetal Heart	UW.Fetal_Heart.ChromatinAccessibility.H-23604.DS16582.twopass.merge150.wgt10.zgt2.wig		74	GSM665830
1.003	0.475329588962609	Fetal_Heart	Fetal Heart	UW.Fetal_Heart.ChromatinAccessibility.H-23617.DS16621.twopass.merge150.wgt10.zgt2.wig	rs10934011	75	GSM665831
-0.681	0	Fetal_Heart	Fetal Heart	UW.Fetal_Heart.ChromatinAccessibility.H-23663.DS16819.twopass.merge150.wgt10.zgt2.wig		76	GSM774203
0.999	0.473489196724143	Fetal_Heart	Fetal Heart	UW.Fetal_Heart.ChromatinAccessibility.H-23744.DS19431.twopass.merge150.wgt10.zgt2.wig	rs10934011	77	GSM817220
1.053	0.490480897344999	Fetal_Heart	Fetal Heart	UW.Fetal_Heart.ChromatinAccessibility.H-24042.DS19427.twopass.merge150.wgt10.zgt2.wig	rs10934011	78	GSM878630
-0.610	0	Fetal_Intestine_Large	Fetal Intestine, Large	UW.Fetal_Intestine_Large.ChromatinAccessibility.H-23500.DS16027.twopass.merge150.wgt10.zgt2.wig		79	GSM665815
-0.622	0	Fetal_Intestine_Large	Fetal Intestine, Large	UW.Fetal_Intestine_Large.ChromatinAccessibility.H-23524.DS16164.twopass.merge150.wgt10.zgt2.wig		80	GSM665818
-0.650	4.82163733276643e-17	Fetal_Intestine_Large	Fetal Intestine, Large	UW.Fetal_Intestine_Large.ChromatinAccessibility.H-23604.DS16563.twopass.merge150.wgt10.zgt2.wig		81	GSM665826
-0.624	0	Fetal_Intestine_Large	Fetal Intestine, Large	UW.Fetal_Intestine_Large.ChromatinAccessibility.H-23744.DS17094.twopass.merge150.wgt10.zgt2.wig		82	GSM817162
-0.513	0	Fetal_Intestine_Large	Fetal Intestine, Large	UW.Fetal_Intestine_Large.ChromatinAccessibility.H-23758.DS17157.twopass.merge150.wgt10.zgt2.wig		83	GSM701490
-0.579	0	Fetal_Intestine_Large	Fetal Intestine, Large	UW.Fetal_Intestine_Large.ChromatinAccessibility.H-23769.DS17313.twopass.merge150.wgt10.zgt2.wig		84	GSM701495
-0.537	4.34294517858653e-11	Fetal_Intestine_Large	Fetal Intestine, Large	UW.Fetal_Intestine_Large.ChromatinAccessibility.H-23808.DS17422.twopass.merge150.wgt10.zgt2.wig		85	GSM774213
-0.631	0	Fetal_Intestine_Large	Fetal Intestine, Large	UW.Fetal_Intestine_Large.ChromatinAccessibility.H-23833.DS17462.twopass.merge150.wgt10.zgt2.wig		86	GSM774214
-0.461	0	Fetal_Intestine_Large	Fetal Intestine, Large	UW.Fetal_Intestine_Large.ChromatinAccessibility.H-23855.DS17502.twopass.merge150.wgt10.zgt2.wig		87	GSM701514
1.065	0.479049505436836	Fetal_Intestine_Large	Fetal Intestine, Large	UW.Fetal_Intestine_Large.ChromatinAccessibility.H-23887.DS17647.twopass.merge150.wgt10.zgt2.wig	rs10934011	88	GSM774217
-0.575	4.34294517858653e-11	Fetal_Intestine_Large	Fetal Intestine, Large	UW.Fetal_Intestine_Large.ChromatinAccessibility.H-23914.DS17748.twopass.merge150.wgt10.zgt2.wig		89	GSM774220
-0.545	0	Fetal_Intestine_Large	Fetal Intestine, Large	UW.Fetal_Intestine_Large.ChromatinAccessibility.H-23941.DS17785.twopass.merge150.wgt10.zgt2.wig		90	GSM701531
-0.705	0	Fetal_Intestine_Large	Fetal Intestine, Large	UW.Fetal_Intestine_Large.ChromatinAccessibility.H-23964.DS17841.twopass.merge150.wgt10.zgt2.wig		91	GSM774228
-0.566	0	Fetal_Intestine_Large	Fetal Intestine, Large	UW.Fetal_Intestine_Large.ChromatinAccessibility.H-24005.DS17990.twopass.merge150.wgt10.zgt2.wig		92	GSM774233
-0.635	0	Fetal_Intestine_Large	Fetal Intestine, Large	UW.Fetal_Intestine_Large.ChromatinAccessibility.H-24111.DS18499.twopass.merge150.wgt10.zgt2.wig		93	GSM817188
-0.677	4.3429403569492e-11	Fetal_Intestine_Small	Fetal Intestine, Small	UW.Fetal_Intestine_Small.ChromatinAccessibility.H-23604.DS16559.twopass.merge150.wgt10.zgt2.wig		94	GSM665825
-0.511	4.82163733276643e-17	Fetal_Intestine_Small	Fetal Intestine, Small	UW.Fetal_Intestine_Small.ChromatinAccessibility.H-23640.DS16712.twopass.merge150.wgt10.zgt2.wig		95	GSM701487
-0.642	0	Fetal_Intestine_Small	Fetal Intestine, Small	UW.Fetal_Intestine_Small.ChromatinAccessibility.H-23663.DS16822.twopass.merge150.wgt10.zgt2.wig		96	GSM665835
-0.576	0	Fetal_Intestine_Small	Fetal Intestine, Small	UW.Fetal_Intestine_Small.ChromatinAccessibility.H-23724.DS16975.twopass.merge150.wgt10.zgt2.wig		97	GSM817161
-0.581	0	Fetal_Intestine_Small	Fetal Intestine, Small	UW.Fetal_Intestine_Small.ChromatinAccessibility.H-23744.DS17092.twopass.merge150.wgt10.zgt2.wig		98	GSM774205
-0.585	9.64327466553287e-17	Fetal_Intestine_Small	Fetal Intestine, Small	UW.Fetal_Intestine_Small.ChromatinAccessibility.H-23758.DS17150.twopass.merge150.wgt10.zgt2.wig		99	GSM774210
-0.599	0	Fetal_Intestine_Small	Fetal Intestine, Small	UW.Fetal_Intestine_Small.ChromatinAccessibility.H-23769.DS17317.twopass.merge150.wgt10.zgt2.wig		100	GSM701496
1.588	0.636387896963767	Fetal_Intestine_Small	Fetal Intestine, Small	UW.Fetal_Intestine_Small.ChromatinAccessibility.H-23808.DS17425.twopass.merge150.wgt10.zgt2.wig	rs4930103	101	GSM701504
-0.598	0	Fetal_Intestine_Small	Fetal Intestine, Small	UW.Fetal_Intestine_Small.ChromatinAccessibility.H-23864.DS17844.twopass.merge150.wgt10.zgt2.wig		102	GSM774229
-0.638	0	Fetal_Intestine_Small	Fetal Intestine, Small	UW.Fetal_Intestine_Small.ChromatinAccessibility.H-23887.DS17643.twopass.merge150.wgt10.zgt2.wig		103	GSM774216
-0.559	4.34295000022386e-11	Fetal_Intestine_Small	Fetal Intestine, Small	UW.Fetal_Intestine_Small.ChromatinAccessibility.H-23914.DS17763.twopass.merge150.wgt10.zgt2.wig		104	GSM701530
-0.643	0	Fetal_Intestine_Small	Fetal Intestine, Small	UW.Fetal_Intestine_Small.ChromatinAccessibility.H-23941.DS17808.twopass.merge150.wgt10.zgt2.wig		105	GSM774225
1.171	0.519965315283689	Fetal_Intestine_Small	Fetal Intestine, Small	UW.Fetal_Intestine_Small.ChromatinAccessibility.H-24111.DS18495.twopass.merge150.wgt10.zgt2.wig	rs10934011	106	GSM817187
-0.599	8.68589035760736e-11	Fetal_Kidney_Left	Fetal Kidney	UW.Fetal_Kidney_Left.ChromatinAccessibility.H-23589.DS16446.twopass.merge150.wgt10.zgt2.wig		107	GSM665822
-0.718	0	Fetal_Kidney_Left	Fetal Kidney	UW.Fetal_Kidney_Left.ChromatinAccessibility.H-23604.DS16579.twopass.merge150.wgt10.zgt2.wig		108	GSM665829
-0.573	4.34294517858653e-11	Fetal_Kidney_Left	Fetal Kidney	UW.Fetal_Kidney_Left.ChromatinAccessibility.H-23640.DS16805.twopass.merge150.wgt10.zgt2.wig		109	GSM665834
-0.649	0	Fetal_Kidney_Left	Fetal Kidney	UW.Fetal_Kidney_Left.ChromatinAccessibility.H-23758.DS17140.twopass.merge150.wgt10.zgt2.wig		110	GSM774209
-0.687	0	Fetal_Kidney_Left	Fetal Kidney	UW.Fetal_Kidney_Left.ChromatinAccessibility.H-24089.DS18466.twopass.merge150.wgt10.zgt2.wig		111	GSM817181
-0.709	4.34295000022386e-11	Fetal_Kidney_Right	Fetal Kidney	UW.Fetal_Kidney_Right.ChromatinAccessibility.H-23435.DS15651.twopass.merge150.wgt10.zgt2.wig		112	GSM665810
-0.682	4.82163733276643e-17	Fetal_Kidney_Right	Fetal Kidney	UW.Fetal_Kidney_Right.ChromatinAccessibility.H-23589.DS16441.twopass.merge150.wgt10.zgt2.wig		113	GSM665821
-0.697	0	Fetal_Kidney_Right	Fetal Kidney	UW.Fetal_Kidney_Right.ChromatinAccessibility.H-23640.DS16801.twopass.merge150.wgt10.zgt2.wig		114	GSM665833
-0.622	0	Fetal_Kidney_Right	Fetal Kidney	UW.Fetal_Kidney_Right.ChromatinAccessibility.H-23758.DS17144.twopass.merge150.wgt10.zgt2.wig		115	GSM817163
-0.677	0	Fetal_Kidney_Right	Fetal Kidney	UW.Fetal_Kidney_Right.ChromatinAccessibility.H-24089.DS18463.twopass.merge150.wgt10.zgt2.wig		116	GSM817180
-0.559	0	Fetal_Kidney	Fetal Kidney	UW.Fetal_Kidney.ChromatinAccessibility.H-22337.DS10986.twopass.merge150.wgt10.zgt2.wig		117	GSM493385
-0.528	0	Fetal_Kidney	Fetal Kidney	UW.Fetal_Kidney.ChromatinAccessibility.H-22676.DS12635.twopass.merge150.wgt10.zgt2.wig		118	GSM530655
-0.669	0	Fetal_Kidney	Fetal Kidney	UW.Fetal_Kidney.ChromatinAccessibility.H-23524.DS16139.twopass.merge150.wgt10.zgt2.wig		119	GSM665816
-0.665	4.34294517858653e-11	Fetal_Kidney	Fetal Kidney	UW.Fetal_Kidney.ChromatinAccessibility.H-23663.DS16837.twopass.merge150.wgt10.zgt2.wig		120	GSM817159
-0.728	0	Fetal_Kidney	Fetal Kidney	UW.Fetal_Kidney.ChromatinAccessibility.H-23855.DS17522.twopass.merge150.wgt10.zgt2.wig		121	GSM701515
-0.556	0	Fetal_Kidney	Fetal Kidney	UW.Fetal_Kidney.ChromatinAccessibility.H-23914.DS17753.twopass.merge150.wgt10.zgt2.wig		122	GSM774221
1.316	0.565679120184339	Fetal_Kidney	Fetal Kidney	UW.Fetal_Kidney.ChromatinAccessibility.H-24507.DS20564.twopass.merge150.wgt10.zgt2.wig	rs10934011	123	GSM878666
-0.656	0	Fetal_Lung_Left	Fetal Lung	UW.Fetal_Lung_Left.ChromatinAccessibility.H-23435.DS15637.twopass.merge150.wgt10.zgt2.wig		124	GSM665808
1.001	0.471659827949528	Fetal_Lung_Left	Fetal Lung	UW.Fetal_Lung_Left.ChromatinAccessibility.H-23604.DS16570.twopass.merge150.wgt10.zgt2.wig	rs4930103	125	GSM665828
-0.625	0	Fetal_Lung_Left	Fetal Lung	UW.Fetal_Lung_Left.ChromatinAccessibility.H-23640.DS18170.twopass.merge150.wgt10.zgt2.wig		126	GSM774237
1.041	0.483759368661232	Fetal_Lung_Left	Fetal Lung	UW.Fetal_Lung_Left.ChromatinAccessibility.H-23744.DS17105.twopass.merge150.wgt10.zgt2.wig	rs10934011	127	GSM774207
0.861	0.415261263098996	Fetal_Lung_Left	Fetal Lung	UW.Fetal_Lung_Left.ChromatinAccessibility.H-23758.DS17154.twopass.merge150.wgt10.zgt2.wig	rs10934011	128	GSM774211
1.046	0.484712325569573	Fetal_Lung_Left	Fetal Lung	UW.Fetal_Lung_Left.ChromatinAccessibility.H-23833.DS17464.twopass.merge150.wgt10.zgt2.wig	rs10934011	129	GSM701512
-0.548	4.82163733276643e-17	Fetal_Lung_Left	Fetal Lung	UW.Fetal_Lung_Left.ChromatinAccessibility.H-23887.DS17674.twopass.merge150.wgt10.zgt2.wig		130	GSM701524
-0.509	0	Fetal_Lung_Left	Fetal Lung	UW.Fetal_Lung_Left.ChromatinAccessibility.H-23914.DS17739.twopass.merge150.wgt10.zgt2.wig		131	GSM701527
-0.475	0	Fetal_Lung_Left	Fetal Lung	UW.Fetal_Lung_Left.ChromatinAccessibility.H-23964.DS17835.twopass.merge150.wgt10.zgt2.wig		132	GSM701534
-0.636	4.82163733276643e-17	Fetal_Lung_Left	Fetal Lung	UW.Fetal_Lung_Left.ChromatinAccessibility.H-24005.DS17959.twopass.merge150.wgt10.zgt2.wig		133	GSM817168
-0.675	4.34294517858653e-11	Fetal_Lung_Left	Fetal Lung	UW.Fetal_Lung_Left.ChromatinAccessibility.H-24089.DS18421.twopass.merge150.wgt10.zgt2.wig		134	GSM817175
-0.751	4.3429403569492e-11	Fetal_Lung_Left	Fetal Lung	UW.Fetal_Lung_Left.ChromatinAccessibility.H-24111.DS18487.twopass.merge150.wgt10.zgt2.wig		135	GSM817185
-0.633	0	Fetal_Lung_Right	Fetal Lung	UW.Fetal_Lung_Right.ChromatinAccessibility.H-23435.DS15632.twopass.merge150.wgt10.zgt2.wig		136	GSM665807
1.023	0.4781138889804	Fetal_Lung_Right	Fetal Lung	UW.Fetal_Lung_Right.ChromatinAccessibility.H-23604.DS16566.twopass.merge150.wgt10.zgt2.wig	rs10934011	137	GSM665827
-0.642	0	Fetal_Lung_Right	Fetal Lung	UW.Fetal_Lung_Right.ChromatinAccessibility.H-23640.DS16790.twopass.merge150.wgt10.zgt2.wig		138	GSM665832
1.009	0.463553149086252	Fetal_Lung_Right	Fetal Lung	UW.Fetal_Lung_Right.ChromatinAccessibility.H-23744.DS17101.twopass.merge150.wgt10.zgt2.wig	rs10934011	139	GSM774206
-0.630	0	Fetal_Lung_Right	Fetal Lung	UW.Fetal_Lung_Right.ChromatinAccessibility.H-23758.DS17162.twopass.merge150.wgt10.zgt2.wig		140	GSM817164
-0.596	4.34295000022386e-11	Fetal_Lung_Right	Fetal Lung	UW.Fetal_Lung_Right.ChromatinAccessibility.H-23887.DS17670.twopass.merge150.wgt10.zgt2.wig		141	GSM701523
0.893	0.430758438087455	Fetal_Lung_Right	Fetal Lung	UW.Fetal_Lung_Right.ChromatinAccessibility.H-23964.DS17831.twopass.merge150.wgt10.zgt2.wig	rs10934011	142	GSM774227
-0.653	0	Fetal_Lung_Right	Fetal Lung	UW.Fetal_Lung_Right.ChromatinAccessibility.H-24005.DS17954.twopass.merge150.wgt10.zgt2.wig		143	GSM774231
0.817	0.407085163326571	Fetal_Lung_Right	Fetal Lung	UW.Fetal_Lung_Right.ChromatinAccessibility.H-24089.DS18418.twopass.merge150.wgt10.zgt2.wig	rs10934011	144	GSM817174
-0.721	0	Fetal_Lung_Right	Fetal Lung	UW.Fetal_Lung_Right.ChromatinAccessibility.H-24111.DS18492.twopass.merge150.wgt10.zgt2.wig		145	GSM817186
-0.497	9.64327466553287e-17	Fetal_Lung	Fetal Lung	UW.Fetal_Lung.ChromatinAccessibility.H-22676.DS12646.twopass.merge150.wgt10.zgt2.wig		146	GSM530656
-0.623	0	Fetal_Lung	Fetal Lung	UW.Fetal_Lung.ChromatinAccessibility.H-22727.DS12817.twopass.merge150.wgt10.zgt2.wig		147	GSM530662
-0.674	0	Fetal_Lung	Fetal Lung	UW.Fetal_Lung.ChromatinAccessibility.H-22934B.DS13507.twopass.merge150.wgt10.zgt2.wig		148	GSM595915
-0.658	0	Fetal_Lung	Fetal Lung	UW.Fetal_Lung.ChromatinAccessibility.H-23090.DS13985.twopass.merge150.wgt10.zgt2.wig		149	GSM595916
-0.570	0	Fetal_Lung	Fetal Lung	UW.Fetal_Lung.ChromatinAccessibility.H-23247.DS14666.twopass.merge150.wgt10.zgt2.wig		150	GSM595921
-0.546	4.34293553531186e-11	Fetal_Lung	Fetal Lung	UW.Fetal_Lung.ChromatinAccessibility.H-23266.DS14724.twopass.merge150.wgt10.zgt2.wig		151	GSM595924
-0.628	4.3429548218612e-11	Fetal_Lung	Fetal Lung	UW.Fetal_Lung.ChromatinAccessibility.H-23266.DS14751.twopass.merge150.wgt10.zgt2.wig		152	GSM595925
-0.510	4.34295000022386e-11	Fetal_Lung	Fetal Lung	UW.Fetal_Lung.ChromatinAccessibility.H-23284.DS14809.twopass.merge150.wgt10.zgt2.wig		153	GSM595927
-0.578	0	Fetal_Lung	Fetal Lung	UW.Fetal_Lung.ChromatinAccessibility.H-23284.DS14820.twopass.merge150.wgt10.zgt2.wig		154	GSM595929
-0.594	4.3429403569492e-11	Fetal_Lung	Fetal Lung	UW.Fetal_Lung.ChromatinAccessibility.H-23365.DS15227.twopass.merge150.wgt10.zgt2.wig		155	GSM595930
0.991	0.464439696486626	Fetal_Lung	Fetal Lung	UW.Fetal_Lung.ChromatinAccessibility.H-23399.DS15461.twopass.merge150.wgt10.zgt2.wig	rs10934011	156	GSM665805
0.988	0.468028306189356	Fetal_Lung	Fetal Lung	UW.Fetal_Lung.ChromatinAccessibility.H-23419.DS15573.twopass.merge150.wgt10.zgt2.wig	rs10934011	157	GSM665806
-0.633	0	Fetal_Muscle_Arm	Fetal Muscle	UW.Fetal_Muscle_Arm.ChromatinAccessibility.H-23808.DS17432.twopass.merge150.wgt10.zgt2.wig		158	GSM701506
-0.809	0	Fetal_Muscle_Arm	Fetal Muscle	UW.Fetal_Muscle_Arm.ChromatinAccessibility.H-23914.DS17765.twopass.merge150.wgt10.zgt2.wig		159	GSM774223
-0.643	0	Fetal_Muscle_Arm	Fetal Muscle	UW.Fetal_Muscle_Arm.ChromatinAccessibility.H-23941.DS17825.twopass.merge150.wgt10.zgt2.wig		160	GSM774226
-0.579	0	Fetal_Muscle_Arm	Fetal Muscle	UW.Fetal_Muscle_Arm.ChromatinAccessibility.H-23964.DS17848.twopass.merge150.wgt10.zgt2.wig		161	GSM701535
-0.763	0	Fetal_Muscle_Arm	Fetal Muscle	UW.Fetal_Muscle_Arm.ChromatinAccessibility.H-24005.DS18080.twopass.merge150.wgt10.zgt2.wig		162	GSM774234
1.138	0.523178401517282	Fetal_Muscle_Arm	Fetal Muscle	UW.Fetal_Muscle_Arm.ChromatinAccessibility.H-24042.DS18176.twopass.merge150.wgt10.zgt2.wig	rs10934011	163	GSM774239
1.331	0.591154969964812	Fetal_Muscle_Arm	Fetal Muscle	UW.Fetal_Muscle_Arm.ChromatinAccessibility.H-24078.DS18379.twopass.merge150.wgt10.zgt2.wig	rs10934011	164	GSM878610
0.993	0.462663877220429	Fetal_Muscle_Arm	Fetal Muscle	UW.Fetal_Muscle_Arm.ChromatinAccessibility.H-24089.DS18452.twopass.merge150.wgt10.zgt2.wig	rs10934011	165	GSM817178
0.958	0.450508053622057	Fetal_Muscle_Arm	Fetal Muscle	UW.Fetal_Muscle_Arm.ChromatinAccessibility.H-24111.DS18473.twopass.merge150.wgt10.zgt2.wig	rs10934011	166	GSM817184
-0.625	4.82163733276643e-17	Fetal_Muscle_Arm	Fetal Muscle	UW.Fetal_Muscle_Arm.ChromatinAccessibility.H-24125.DS18559.twopass.merge150.wgt10.zgt2.wig		167	GSM817191
-0.568	0	Fetal_Muscle_Arm	Fetal Muscle	UW.Fetal_Muscle_Arm.ChromatinAccessibility.H-24143.DS18992.twopass.merge150.wgt10.zgt2.wig		168	GSM878618
-0.603	0	Fetal_Muscle_Arm	Fetal Muscle	UW.Fetal_Muscle_Arm.ChromatinAccessibility.H-24198.DS19051.twopass.merge150.wgt10.zgt2.wig		169	GSM878619
0.933	0.443773525758044	Fetal_Muscle_Arm	Fetal Muscle	UW.Fetal_Muscle_Arm.ChromatinAccessibility.H-24218.DS19053.twopass.merge150.wgt10.zgt2.wig	rs10934011	170	GSM878620
-0.627	0	Fetal_Muscle_Arm	Fetal Muscle	UW.Fetal_Muscle_Arm.ChromatinAccessibility.H-24244.DS19270.twopass.merge150.wgt10.zgt2.wig		171	GSM878625
-0.636	4.82163733276643e-17	Fetal_Muscle_Arm	Fetal Muscle	UW.Fetal_Muscle_Arm.ChromatinAccessibility.H-24259.DS19295.twopass.merge150.wgt10.zgt2.wig		172	GSM817214
-0.656	0	Fetal_Muscle_Arm	Fetal Muscle	UW.Fetal_Muscle_Arm.ChromatinAccessibility.H-24272.DS19380.twopass.merge150.wgt10.zgt2.wig		173	GSM817216
-0.628	0	Fetal_Muscle_Arm	Fetal Muscle	UW.Fetal_Muscle_Arm.ChromatinAccessibility.H-24297.DS19646.twopass.merge150.wgt10.zgt2.wig		174	GSM878638
2.225	1.0372491406292	Fetal_Muscle_Back	Fetal Muscle	UW.Fetal_Muscle_Back.ChromatinAccessibility.H-23914.DS17767.twopass.merge150.wgt10.zgt2.wig	rs10934011,rs4930103	175	GSM774224
-0.591	0	Fetal_Muscle_Back	Fetal Muscle	UW.Fetal_Muscle_Back.ChromatinAccessibility.H-23964.DS17850.twopass.merge150.wgt10.zgt2.wig		176	GSM701536
-0.775	0	Fetal_Muscle_Back	Fetal Muscle	UW.Fetal_Muscle_Back.ChromatinAccessibility.H-24005.DS18083.twopass.merge150.wgt10.zgt2.wig		177	GSM774235
1.190	0.528610608170977	Fetal_Muscle_Back	Fetal Muscle	UW.Fetal_Muscle_Back.ChromatinAccessibility.H-24078.DS18377.twopass.merge150.wgt10.zgt2.wig	rs10934011	178	GSM817171
-0.666	0	Fetal_Muscle_Back	Fetal Muscle	UW.Fetal_Muscle_Back.ChromatinAccessibility.H-24089.DS18454.twopass.merge150.wgt10.zgt2.wig		179	GSM878611
-0.714	0	Fetal_Muscle_Back	Fetal Muscle	UW.Fetal_Muscle_Back.ChromatinAccessibility.H-24111.DS18468.twopass.merge150.wgt10.zgt2.wig		180	GSM817182
-0.673	4.34295000022386e-11	Fetal_Muscle_Back	Fetal Muscle	UW.Fetal_Muscle_Back.ChromatinAccessibility.H-24143.DS18842.twopass.merge150.wgt10.zgt2.wig		181	GSM817200
1.216	0.527515478114054	Fetal_Muscle_Back	Fetal Muscle	UW.Fetal_Muscle_Back.ChromatinAccessibility.H-24218.DS19117.twopass.merge150.wgt10.zgt2.wig	rs10934011	182	GSM817207
-0.617	0	Fetal_Muscle_Back	Fetal Muscle	UW.Fetal_Muscle_Back.ChromatinAccessibility.H-24244.DS19283.twopass.merge150.wgt10.zgt2.wig		183	GSM817212
1.062	0.479049505436836	Fetal_Muscle_Back	Fetal Muscle	UW.Fetal_Muscle_Back.ChromatinAccessibility.H-24272.DS19384.twopass.merge150.wgt10.zgt2.wig	rs10934011	184	GSM817217
-0.651	4.82163733276643e-17	Fetal_Muscle_Back	Fetal Muscle	UW.Fetal_Muscle_Back.ChromatinAccessibility.H-24279.DS19441.twopass.merge150.wgt10.zgt2.wig		185	GSM878632
-0.689	8.68588553597002e-11	Fetal_Muscle_Back	Fetal Muscle	UW.Fetal_Muscle_Back.ChromatinAccessibility.H-24297.DS19648.twopass.merge150.wgt10.zgt2.wig		186	GSM878639
-0.616	0	Fetal_Muscle_Back	Fetal Muscle	UW.Fetal_Muscle_Back.ChromatinAccessibility.H-24409.DS20244.twopass.merge150.wgt10.zgt2.wig		187	GSM878655
-0.663	0	Fetal_Muscle_Leg	Fetal Muscle	UW.Fetal_Muscle_Leg.ChromatinAccessibility.H-23808.DS17429.twopass.merge150.wgt10.zgt2.wig		188	GSM701505
-0.554	0	Fetal_Muscle_Leg	Fetal Muscle	UW.Fetal_Muscle_Leg.ChromatinAccessibility.H-24078.DS18386.twopass.merge150.wgt10.zgt2.wig		189	GSM774242
0.967	0.460898439745102	Fetal_Muscle_Leg	Fetal Muscle	UW.Fetal_Muscle_Leg.ChromatinAccessibility.H-24089.DS18456.twopass.merge150.wgt10.zgt2.wig	rs10934011	190	GSM817179
0.816	0.413007596546454	Fetal_Muscle_Leg	Fetal Muscle	UW.Fetal_Muscle_Leg.ChromatinAccessibility.H-24111.DS18471.twopass.merge150.wgt10.zgt2.wig	rs10934011	191	GSM817183
-0.537	4.82163733276643e-17	Fetal_Muscle_Leg	Fetal Muscle	UW.Fetal_Muscle_Leg.ChromatinAccessibility.H-24143.DS18844.twopass.merge150.wgt10.zgt2.wig		192	GSM817201
-0.756	4.82163733276643e-17	Fetal_Muscle_Leg	Fetal Muscle	UW.Fetal_Muscle_Leg.ChromatinAccessibility.H-24198.DS19158.twopass.merge150.wgt10.zgt2.wig		193	GSM878622
2.853	1.33133811069945	Fetal_Muscle_Leg	Fetal Muscle	UW.Fetal_Muscle_Leg.ChromatinAccessibility.H-24218.DS19115.twopass.merge150.wgt10.zgt2.wig	rs10934011,rs4930103	194	GSM817206
1.034	0.479049505436836	Fetal_Muscle_Leg	Fetal Muscle	UW.Fetal_Muscle_Leg.ChromatinAccessibility.H-24244.DS19272.twopass.merge150.wgt10.zgt2.wig	rs10934011	195	GSM878626
-0.639	4.82163733276643e-17	Fetal_Muscle_Leg	Fetal Muscle	UW.Fetal_Muscle_Leg.ChromatinAccessibility.H-24259.DS19291.twopass.merge150.wgt10.zgt2.wig		196	GSM817213
1.181	0.529702889090343	Fetal_Muscle_Leg	Fetal Muscle	UW.Fetal_Muscle_Leg.ChromatinAccessibility.H-24279.DS19436.twopass.merge150.wgt10.zgt2.wig	rs10934011	197	GSM878631
-0.646	8.68589035760736e-11	Fetal_Muscle_Leg	Fetal Muscle	UW.Fetal_Muscle_Leg.ChromatinAccessibility.H-24297.DS19643.twopass.merge150.wgt10.zgt2.wig		198	GSM878637
-0.651	0	Fetal_Muscle_Leg	Fetal Muscle	UW.Fetal_Muscle_Leg.ChromatinAccessibility.H-24409.DS20239.twopass.merge150.wgt10.zgt2.wig		199	GSM878653
-0.776	0	Fetal_Muscle_Lower_Limb_Skeletal	Fetal Muscle	UW.Fetal_Muscle_Lower_Limb_Skeletal.ChromatinAccessibility.H-24042.DS18174.twopass.merge150.wgt10.zgt2.wig		200	GSM774238
1.229	0.540881698006216	Fetal_Muscle_Trunk	Fetal Muscle	UW.Fetal_Muscle_Trunk.ChromatinAccessibility.H-23941.DS17827.twopass.merge150.wgt10.zgt2.wig	rs10934011	201	GSM701533
1.047	0.483759368661232	Fetal_Muscle_Trunk	Fetal Muscle	UW.Fetal_Muscle_Trunk.ChromatinAccessibility.H-24409.DS20242.twopass.merge150.wgt10.zgt2.wig	rs10934011	202	GSM878654
1.207	0.527515478114054	Fetal_Muscle_Trunk	Fetal Muscle	UW.Fetal_Muscle_Trunk.ChromatinAccessibility.H-24507.DS20544.twopass.merge150.wgt10.zgt2.wig	rs10934011	203	GSM878664
-0.557	4.34294517858653e-11	Fetal_Muscle_Upper_Limb_Skeletal	Fetal Muscle	UW.Fetal_Muscle_Upper_Limb_Skeletal.ChromatinAccessibility.H-23887.DS17661.twopass.merge150.wgt10.zgt2.wig		204	GSM701522
0.995	0.460898439745102	Fetal_Muscle_Upper_Trunk	Fetal Muscle	UW.Fetal_Muscle_Upper_Trunk.ChromatinAccessibility.H-23887.DS17664.twopass.merge150.wgt10.zgt2.wig	rs10934011	205	GSM774218
-0.690	0	Fetal_Placenta	Fetal Placenta	UW.Fetal_Placenta.ChromatinAccessibility.H-23887.DS17639.twopass.merge150.wgt10.zgt2.wig		206	GSM774215
-0.622	4.3429403569492e-11	Fetal_Placenta	Fetal Placenta	UW.Fetal_Placenta.ChromatinAccessibility.H-23914.DS17744.twopass.merge150.wgt10.zgt2.wig		207	GSM774219
-0.610	0	Fetal_Placenta	Fetal Placenta	UW.Fetal_Placenta.ChromatinAccessibility.H-24272.DS19391.twopass.merge150.wgt10.zgt2.wig		208	GSM817219
-0.583	0	Fetal_Placenta	Fetal Placenta	UW.Fetal_Placenta.ChromatinAccessibility.H-24409.DS20346.twopass.merge150.wgt10.zgt2.wig		209	GSM878659
-0.716	0	Fetal_Renal_Cortex_Left	Fetal Renal Cortex	UW.Fetal_Renal_Cortex_Left.ChromatinAccessibility.H-23871.DS17550.twopass.merge150.wgt10.zgt2.wig		210	GSM701519
-0.760	4.82163733276643e-17	Fetal_Renal_Cortex_Left	Fetal Renal Cortex	UW.Fetal_Renal_Cortex_Left.ChromatinAccessibility.H-24111.DS18542.twopass.merge150.wgt10.zgt2.wig		211	GSM817190
-0.583	0	Fetal_Renal_Cortex_Left	Fetal Renal Cortex	UW.Fetal_Renal_Cortex_Left.ChromatinAccessibility.H-24169.DS18931.twopass.merge150.wgt10.zgt2.wig		212	GSM817203
-0.713	4.3429403569492e-11	Fetal_Renal_Cortex_Left	Fetal Renal Cortex	UW.Fetal_Renal_Cortex_Left.ChromatinAccessibility.H-24232.DS19257.twopass.merge150.wgt10.zgt2.wig		213	GSM817211
-0.723	0	Fetal_Renal_Cortex_Right	Fetal Renal Cortex	UW.Fetal_Renal_Cortex_Right.ChromatinAccessibility.H-23871.DS17545.twopass.merge150.wgt10.zgt2.wig		214	GSM701517
-0.647	0	Fetal_Renal_Cortex_Right	Fetal Renal Cortex	UW.Fetal_Renal_Cortex_Right.ChromatinAccessibility.H-24169.DS18928.twopass.merge150.wgt10.zgt2.wig		215	GSM817202
-0.651	0	Fetal_Renal_Cortex_Right	Fetal Renal Cortex	UW.Fetal_Renal_Cortex_Right.ChromatinAccessibility.H-24232.DS19254.twopass.merge150.wgt10.zgt2.wig		216	GSM817210
-0.748	4.3429403569492e-11	Fetal_Renal_Cortex	Fetal Renal Cortex	UW.Fetal_Renal_Cortex.ChromatinAccessibility.H-23769.DS17307.twopass.merge150.wgt10.zgt2.wig		217	GSM701494
-0.609	4.34294517858653e-11	Fetal_Renal_Cortex	Fetal Renal Cortex	UW.Fetal_Renal_Cortex.ChromatinAccessibility.H-23790.DS17387.twopass.merge150.wgt10.zgt2.wig		218	GSM701502
-0.638	4.34294517858653e-11	Fetal_Renal_Cortex	Fetal Renal Cortex	UW.Fetal_Renal_Cortex.ChromatinAccessibility.H-23833.DS17455.twopass.merge150.wgt10.zgt2.wig		219	GSM701511
-0.562	0	Fetal_Renal_Cortex	Fetal Renal Cortex	UW.Fetal_Renal_Cortex.ChromatinAccessibility.H-23914.DS17756.twopass.merge150.wgt10.zgt2.wig		220	GSM701529
-0.638	0	Fetal_Renal_Cortex	Fetal Renal Cortex	UW.Fetal_Renal_Cortex.ChromatinAccessibility.H-23941.DS17804.twopass.merge150.wgt10.zgt2.wig		221	GSM701532
0.998	0.46893348714043	Fetal_Renal_Cortex	Fetal Renal Cortex	UW.Fetal_Renal_Cortex.ChromatinAccessibility.H-24078.DS18428.twopass.merge150.wgt10.zgt2.wig	rs10934011	222	GSM817176
-0.557	4.82163733276643e-17	Fetal_Renal_Cortex	Fetal Renal Cortex	UW.Fetal_Renal_Cortex.ChromatinAccessibility.H-24259.DS19388.twopass.merge150.wgt10.zgt2.wig		223	GSM878629
-0.649	4.34294517858653e-11	Fetal_Renal_Cortex	Fetal Renal Cortex	UW.Fetal_Renal_Cortex.ChromatinAccessibility.H-24493.DS20568.twopass.merge150.wgt10.zgt2.wig		224	GSM878667
-0.696	0	Fetal_Renal_Pelvis_Left	Fetal Renal Pelvis	UW.Fetal_Renal_Pelvis_Left.ChromatinAccessibility.H-23871.DS17553.twopass.merge150.wgt10.zgt2.wig		225	GSM701520
-0.565	0	Fetal_Renal_Pelvis_Left	Fetal Renal Pelvis	UW.Fetal_Renal_Pelvis_Left.ChromatinAccessibility.H-24111.DS18666.twopass.merge150.wgt10.zgt2.wig		226	GSM817193
-0.615	0	Fetal_Renal_Pelvis_Left	Fetal Renal Pelvis	UW.Fetal_Renal_Pelvis_Left.ChromatinAccessibility.H-24169.DS18964.twopass.merge150.wgt10.zgt2.wig		227	GSM817205
-0.633	0	Fetal_Renal_Pelvis_Left	Fetal Renal Pelvis	UW.Fetal_Renal_Pelvis_Left.ChromatinAccessibility.H-24232.DS19238.twopass.merge150.wgt10.zgt2.wig		228	GSM817209
-0.688	0	Fetal_Renal_Pelvis_Right	Fetal Renal Pelvis	UW.Fetal_Renal_Pelvis_Right.ChromatinAccessibility.H-23871.DS17548.twopass.merge150.wgt10.zgt2.wig		229	GSM701518
-0.699	0	Fetal_Renal_Pelvis_Right	Fetal Renal Pelvis	UW.Fetal_Renal_Pelvis_Right.ChromatinAccessibility.H-24111.DS18663.twopass.merge150.wgt10.zgt2.wig		230	GSM817192
-0.597	4.34295000022386e-11	Fetal_Renal_Pelvis_Right	Fetal Renal Pelvis	UW.Fetal_Renal_Pelvis_Right.ChromatinAccessibility.H-24169.DS18961.twopass.merge150.wgt10.zgt2.wig		231	GSM817204
-0.603	0	Fetal_Renal_Pelvis_Right	Fetal Renal Pelvis	UW.Fetal_Renal_Pelvis_Right.ChromatinAccessibility.H-24232.DS19235.twopass.merge150.wgt10.zgt2.wig		232	GSM817208
-0.630	0	Fetal_Renal_Pelvis	Fetal Renal Pelvis	UW.Fetal_Renal_Pelvis.ChromatinAccessibility.H-23790.DS17381.twopass.merge150.wgt10.zgt2.wig		233	GSM701501
1.042	0.485668231590027	Fetal_Renal_Pelvis	Fetal Renal Pelvis	UW.Fetal_Renal_Pelvis.ChromatinAccessibility.H-23833.DS17451.twopass.merge150.wgt10.zgt2.wig	rs10934011	234	GSM701510
-0.623	4.34294517858653e-11	Fetal_Renal_Pelvis	Fetal Renal Pelvis	UW.Fetal_Renal_Pelvis.ChromatinAccessibility.H-23914.DS17760.twopass.merge150.wgt10.zgt2.wig		235	GSM774222
-0.462	0	Fetal_Renal_Pelvis	Fetal Renal Pelvis	UW.Fetal_Renal_Pelvis.ChromatinAccessibility.H-24005.DS18088.twopass.merge150.wgt10.zgt2.wig		236	GSM774236
-0.633	4.34295000022386e-11	Fetal_Renal_Pelvis	Fetal Renal Pelvis	UW.Fetal_Renal_Pelvis.ChromatinAccessibility.H-24078.DS18431.twopass.merge150.wgt10.zgt2.wig		237	GSM817177
-0.627	0	Fetal_Renal_Pelvis	Fetal Renal Pelvis	UW.Fetal_Renal_Pelvis.ChromatinAccessibility.H-24259.DS19386.twopass.merge150.wgt10.zgt2.wig		238	GSM817218
-0.715	0	Fetal_Renal_Pelvis	Fetal Renal Pelvis	UW.Fetal_Renal_Pelvis.ChromatinAccessibility.H-24477.DS20448.twopass.merge150.wgt10.zgt2.wig		239	GSM878662
-0.530	4.34294517858653e-11	Fetal_Skin	Fetal Skin	UW.Fetal_Skin.ChromatinAccessibility.H-22337.DS10987.twopass.merge150.wgt10.zgt2.wig		240	GSM817158
0.672	0.360648332679074	Fetal_Spinal_Cord	Fetal Spinal Cord	UW.Fetal_Spinal_Cord.ChromatinAccessibility.H-24111.DS18501.twopass.merge150.wgt10.zgt2.wig	rs10934011	241	GSM817189
-0.647	0	Fetal_Spinal_Cord	Fetal Spinal Cord	UW.Fetal_Spinal_Cord.ChromatinAccessibility.H-24409.DS20351.twopass.merge150.wgt10.zgt2.wig		242	GSM878661
1.160	0.513634661984623	Fetal_Spinal_Cord	Fetal Spinal Cord	UW.Fetal_Spinal_Cord.ChromatinAccessibility.H-24493.DS20530.twopass.merge150.wgt10.zgt2.wig	rs10934011	243	GSM878663
-0.610	0	Fetal_Spleen	Fetal Spleen	UW.Fetal_Spleen.ChromatinAccessibility.H-23399.DS17448.twopass.merge150.wgt10.zgt2.wig		244	GSM701509
1.170	0.523178401517282	Fetal_Stomach	Fetal Stomach	UW.Fetal_Stomach.ChromatinAccessibility.H-23589.DS16530.twopass.merge150.wgt10.zgt2.wig	rs10934011	245	GSM774202
1.204	0.533015453371842	Fetal_Stomach	Fetal Stomach	UW.Fetal_Stomach.ChromatinAccessibility.H-23758.DS17172.twopass.merge150.wgt10.zgt2.wig	rs10934011	246	GSM774212
1.678	0.66798006847374	Fetal_Stomach	Fetal Stomach	UW.Fetal_Stomach.ChromatinAccessibility.H-23769.DS17325.twopass.merge150.wgt10.zgt2.wig	rs10934011	247	GSM701498
1.539	0.647118837359682	Fetal_Stomach	Fetal Stomach	UW.Fetal_Stomach.ChromatinAccessibility.H-23887.DS17659.twopass.merge150.wgt10.zgt2.wig	rs10934011	248	GSM701521
1.404	0.599191100200186	Fetal_Stomach	Fetal Stomach	UW.Fetal_Stomach.ChromatinAccessibility.H-23914.DS17750.twopass.merge150.wgt10.zgt2.wig	rs10934011	249	GSM701528
1.183	0.522108072102382	Fetal_Stomach	Fetal Stomach	UW.Fetal_Stomach.ChromatinAccessibility.H-23964.DS17878.twopass.merge150.wgt10.zgt2.wig	rs10934011	250	GSM701538
-0.634	0	Fetal_Stomach	Fetal Stomach	UW.Fetal_Stomach.ChromatinAccessibility.H-24005.DS17963.twopass.merge150.wgt10.zgt2.wig		251	GSM774232
1.253	0.536362366008888	Fetal_Stomach	Fetal Stomach	UW.Fetal_Stomach.ChromatinAccessibility.H-24078.DS18389.twopass.merge150.wgt10.zgt2.wig	rs10934011	252	GSM817173
1.139	0.510516018866385	Fetal_Stomach	Fetal Stomach	UW.Fetal_Stomach.ChromatinAccessibility.H-24125.DS18821.twopass.merge150.wgt10.zgt2.wig	rs10934011	253	GSM817199
1.175	0.516784250592315	Fetal_Stomach	Fetal Stomach	UW.Fetal_Stomach.ChromatinAccessibility.H-24401.DS20349.twopass.merge150.wgt10.zgt2.wig	rs10934011	254	GSM878660
1.169	0.512595866843406	Fetal_Stomach	Fetal Stomach	UW.Fetal_Stomach.ChromatinAccessibility.H-24507.DS20546.twopass.merge150.wgt10.zgt2.wig	rs10934011	255	GSM878665
1.209	0.52642406823919	Fetal_Testes	Fetal Testes	UW.Fetal_Testes.ChromatinAccessibility.H24198_H23640_H24042.DS18942.twopass.merge150.wgt10.zgt2.wig	rs10934011	256	GSM878617
-0.624	0	Fetal_Thymus	Fetal Thymus	UW.Fetal_Thymus.ChromatinAccessibility.H-23589.DS16490.twopass.merge150.wgt10.zgt2.wig		257	GSM665823
-0.546	0	Fetal_Thymus	Fetal Thymus	UW.Fetal_Thymus.ChromatinAccessibility.H-23663.DS16841.twopass.merge150.wgt10.zgt2.wig		258	GSM774204
-0.531	0	Fetal_Thymus	Fetal Thymus	UW.Fetal_Thymus.ChromatinAccessibility.H-23769.DS17323.twopass.merge150.wgt10.zgt2.wig		259	GSM701497
1.261	0.53191190316287	Fetal_Thymus	Fetal Thymus	UW.Fetal_Thymus.ChromatinAccessibility.H-23833.DS17474.twopass.merge150.wgt10.zgt2.wig	rs4930103	260	GSM701513
-0.484	0	Fetal_Thymus	Fetal Thymus	UW.Fetal_Thymus.ChromatinAccessibility.H-23964.DS17875.twopass.merge150.wgt10.zgt2.wig		261	GSM701537
-0.656	4.3429548218612e-11	Fetal_Thymus	Fetal Thymus	UW.Fetal_Thymus.ChromatinAccessibility.H-23964.DS17876.twopass.merge150.wgt10.zgt2.wig		262	GSM774230
-0.708	0	Fetal_Thymus	Fetal Thymus	UW.Fetal_Thymus.ChromatinAccessibility.H-24078.DS18382.twopass.merge150.wgt10.zgt2.wig		263	GSM817172
-0.556	4.82163733276643e-17	Fetal_Thymus	Fetal Thymus	UW.Fetal_Thymus.ChromatinAccessibility.H-24259.DS19287.twopass.merge150.wgt10.zgt2.wig		264	GSM878627
-0.484	4.82163733276643e-17	Fetal_Thymus	Fetal Thymus	UW.Fetal_Thymus.ChromatinAccessibility.H-24401.DS20335.twopass.merge150.wgt10.zgt2.wig		265	GSM878656
-0.508	0	Fetal_Thymus	Fetal Thymus	UW.Fetal_Thymus.ChromatinAccessibility.H-24409.DS20341.twopass.merge150.wgt10.zgt2.wig		266	GSM878657
-0.497	0	Fibroblasts_Fetal_Skin_Abdomen	Fibroblast	UW.Fibroblasts_Fetal_Skin_Abdomen.ChromatinAccessibility.H-24259.DS19558.twopass.merge150.wgt10.zgt2.wig		267	GSM878635
-0.521	0	Fibroblasts_Fetal_Skin_Abdomen	Fibroblast	UW.Fibroblasts_Fetal_Skin_Abdomen.ChromatinAccessibility.H-24259.DS19561.twopass.merge150.wgt10.zgt2.wig		268	GSM878636
-0.449	4.82163733276643e-17	Fibroblasts_Fetal_Skin_Back	Fibroblast	UW.Fibroblasts_Fetal_Skin_Back.ChromatinAccessibility.H-24218.DS19233.twopass.merge150.wgt10.zgt2.wig		269	GSM878624
-0.475	0	Fibroblasts_Fetal_Skin_Biceps_Left	Fibroblast	UW.Fibroblasts_Fetal_Skin_Biceps_Left.ChromatinAccessibility.H-24259.DS19857.twopass.merge150.wgt10.zgt2.wig		270	GSM878644
-0.496	4.34294517858653e-11	Fibroblasts_Fetal_Skin_Biceps_Left	Fibroblast	UW.Fibroblasts_Fetal_Skin_Biceps_Left.ChromatinAccessibility.H-24259.DS19867.twopass.merge150.wgt10.zgt2.wig		271	GSM878645
-0.460	4.82163733276643e-17	Fibroblasts_Fetal_Skin_Biceps_Right	Fibroblast	UW.Fibroblasts_Fetal_Skin_Biceps_Right.ChromatinAccessibility.H-24259.DS19745.twopass.merge150.wgt10.zgt2.wig		272	GSM878642
-0.500	4.82163733276643e-17	Fibroblasts_Fetal_Skin_Biceps_Right	Fibroblast	UW.Fibroblasts_Fetal_Skin_Biceps_Right.ChromatinAccessibility.H-24259.DS19761.twopass.merge150.wgt10.zgt2.wig		273	GSM878643
-0.499	0	Fibroblasts_Fetal_Skin_Quadriceps_Left	Fibroblast	UW.Fibroblasts_Fetal_Skin_Quadriceps_Left.ChromatinAccessibility.H-24259.DS20046.twopass.merge150.wgt10.zgt2.wig		274	GSM878648
-0.530	0	Fibroblasts_Fetal_Skin_Quadriceps_Left	Fibroblast	UW.Fibroblasts_Fetal_Skin_Quadriceps_Left.ChromatinAccessibility.H-24259.DS20056.twopass.merge150.wgt10.zgt2.wig		275	GSM878649
-0.486	0	Fibroblasts_Fetal_Skin_Quadriceps_Right	Fibroblast	UW.Fibroblasts_Fetal_Skin_Quadriceps_Right.ChromatinAccessibility.H-24259.DS19943.twopass.merge150.wgt10.zgt2.wig		276	GSM878646
-0.530	0	Fibroblasts_Fetal_Skin_Quadriceps_Right	Fibroblast	UW.Fibroblasts_Fetal_Skin_Quadriceps_Right.ChromatinAccessibility.H-24259.DS19948.twopass.merge150.wgt10.zgt2.wig		277	GSM878647
-0.462	4.3429403569492e-11	Fibroblasts_Fetal_Skin_Scalp	Fibroblast	UW.Fibroblasts_Fetal_Skin_Scalp.ChromatinAccessibility.H-24259.DS19444.twopass.merge150.wgt10.zgt2.wig		278	GSM878633
-0.470	4.82163733276643e-17	Fibroblasts_Fetal_Skin_Scalp	Fibroblast	UW.Fibroblasts_Fetal_Skin_Scalp.ChromatinAccessibility.H-24259.DS19449.twopass.merge150.wgt10.zgt2.wig		279	GSM878634
-0.477	0	Fibroblasts_Fetal_Skin_Upper_Back	Fibroblast	UW.Fibroblasts_Fetal_Skin_Upper_Back.ChromatinAccessibility.H-24259.DS19696.twopass.merge150.wgt10.zgt2.wig		280	GSM878640
-0.534	0	Fibroblasts_Fetal_Skin_Upper_Back	Fibroblast	UW.Fibroblasts_Fetal_Skin_Upper_Back.ChromatinAccessibility.H-24259.DS19706.twopass.merge150.wgt10.zgt2.wig		281	GSM878641
-0.683	8.68589035760736e-11	Penis_Foreskin_Fibroblast	Fibroblast	UW.Penis_Foreskin_Fibroblast_Primary_Cells.ChromatinAccessibility.skin01.DS18224.twopass.merge150.wgt10.zgt2.wig		282	GSM774240
-0.619	4.82163733276643e-17	Penis_Foreskin_Fibroblast	Fibroblast	UW.Penis_Foreskin_Fibroblast_Primary_Cells.ChromatinAccessibility.skin01.DS18229.twopass.merge150.wgt10.zgt2.wig		283	GSM774241
-0.515	0	Penis_Foreskin_Fibroblast	Fibroblast	UW.Penis_Foreskin_Fibroblast_Primary_Cells.ChromatinAccessibility.skin02.DS18252.twopass.merge150.wgt10.zgt2.wig		284	GSM817169
-0.523	4.34295000022386e-11	Penis_Foreskin_Fibroblast	Fibroblast	UW.Penis_Foreskin_Fibroblast_Primary_Cells.ChromatinAccessibility.skin02.DS18256.twopass.merge150.wgt10.zgt2.wig		285	GSM817170
-0.532	4.34295000022386e-11	iPS_DF_4.7	IPS cell	UW.iPS_DF_4.7.ChromatinAccessibility.DS15169.twopass.merge150.wgt10.zgt2.wig		286	GSM665803
-0.558	0	iPS_DF_6.9	IPS cell	UW.iPS_DF_6.9.ChromatinAccessibility.DS15164.twopass.merge150.wgt10.zgt2.wig		287	GSM665802
1.875	0.731084756759445	iPS_DF_19.7	IPS cell	UW.iPS_DF_19.7.ChromatinAccessibility.DS15148.twopass.merge150.wgt10.zgt2.wig	rs4930103	288	GSM665800
-0.484	4.34294517858653e-11	iPS_DF_19.11	IPS cell	UW.iPS_DF_19.11.ChromatinAccessibility.DS15153.twopass.merge150.wgt10.zgt2.wig		289	GSM665801
-0.474	0	IMR90	Lung	UW.IMR90.ChromatinAccessibility.DS11759.twopass.merge150.wgt10.zgt2.wig		290	GSM468792
-0.480	0	IMR90	Lung	UW.IMR90.ChromatinAccessibility.DS11764.twopass.merge150.wgt10.zgt2.wig		291	GSM468801
1.405	0.601918196657299	IMR90	Lung	UW.IMR90.ChromatinAccessibility.DS13219.twopass.merge150.wgt10.zgt2.wig	rs10934011	292	GSM530665
-0.504	4.34294517858653e-11	IMR90	Lung	UW.IMR90.ChromatinAccessibility.DS13229.twopass.merge150.wgt10.zgt2.wig		293	GSM530666
-0.630	4.82163733276643e-17	Penis_Foreskin_Keratinocyte	Skin	UW.Penis_Foreskin_Keratinocyte_Primary_Cells.ChromatinAccessibility.skin01.DS18692.twopass.merge150.wgt10.zgt2.wig		294	GSM817194
-0.576	0	Penis_Foreskin_Keratinocyte	Skin	UW.Penis_Foreskin_Keratinocyte_Primary_Cells.ChromatinAccessibility.skin01.DS18695.twopass.merge150.wgt10.zgt2.wig		295	GSM817195
-0.629	4.82163733276643e-17	Penis_Foreskin_Keratinocyte	Skin	UW.Penis_Foreskin_Keratinocyte_Primary_Cells.ChromatinAccessibility.skin02.DS18714.twopass.merge150.wgt10.zgt2.wig		296	GSM817196
-0.611	4.82163733276643e-17	Penis_Foreskin_Keratinocyte	Skin	UW.Penis_Foreskin_Keratinocyte_Primary_Cells.ChromatinAccessibility.skin02.DS18718.twopass.merge150.wgt10.zgt2.wig		297	GSM817197
-0.523	0	Penis_Foreskin_Melanocyte	Skin	UW.Penis_Foreskin_Melanocyte_Primary_Cells.ChromatinAccessibility.skin01.DS18590.twopass.merge150.wgt10.zgt2.wig		298	GSM774243
-0.622	4.34295000022386e-11	Penis_Foreskin_Melanocyte	Skin	UW.Penis_Foreskin_Melanocyte_Primary_Cells.ChromatinAccessibility.skin01.DS18601.twopass.merge150.wgt10.zgt2.wig		299	GSM774244
